sap;descricao;unidade;preco_unitario
357330;CONECTOR TERMINAL N;UN;0.0
P-1/4;P-1/4    INST POSTE CONCR.CIRC. 4,30M/5;UN;0.0
P-1/7;P-1/7    INST POSTE CONCR.CIRCULAR 7M/7;UN;0.0
P-5/30;P-5/30   RET  POSTE DE FERRO TUBULAR 30;UN;0.0
P-5/35;P-5/35   RET  POSTE DE FERRO TUBULAR 35;UN;0.0
P-5/40;P-5/40   RET  POSTE DE FERRO TUBULAR 40;UN;0.0
P-5/50;P-5/50   RET  POSTE DE FERRO TUBULAR 50;UN;0.0
P111-400;P111-400 RET  POSTE DE CONCRET0 11M/400;UN;0.0
P111-600;P111-600 RET  POSTE DE CONCRETO 11M/600;UN;0.0
P111000B;P111000B INST POSTE DE CONCRETO 11M/1000;UN;0.0
P1111000;P1111000 RET  POSTE DE CONCRETO 11M/100;UN;0.0
P1111500;P1111500 RET  POSTE DE CONCRETO 11M/150;UN;0.0
P111300A;P111300A RET  POSTE DE CONCRETO 11M/300;UN;0.0
P111300B;P111300B INST POSTE DE CONCRETO 11M/300D;UN;0.0
P111500B;P111500B INST PTE CONCRETO 11M/1500 DAN;UN;0.0
P111600A;P111600A RET  POSTE DE CONCRETO 11M/600;UN;0.0
P111600B;P111600B INST POSTE DE CONCRETO 11M/600D;UN;0.0
P112-400;P112-400 RET  POSTE DE CONCRETO 12M/400;UN;0.0
P112-800;P112-800 RET  POSTE DE CONCRETO 12M/800;UN;0.0
P1121000;P1121000 RET  POSTE DE CONCRETO 12M/100;UN;0.0
P1122000;P1122000 RET  POSTE DE CONCRETO 12M/200;UN;0.0
P112300;P112300  RET  POSTE DE CONCRETO 12M/300;UN;0.0
P112300B;P112300B INST PTE CONCRETO 12M/1000 DAN;UN;0.0
P112600;P112600  RET  POSTE DE CONCRETO 12M/600;UN;0.0
P112600B;P112600B INST POSTE CONCRETO 12M/600 DAN;UN;0.0
P114-700;P114-700 RET  POSTE DE CONCRETO 14M/700;UN;0.0
P1151000;P1151000 RET  POSTE DE CONCRETO 15M/100;UN;0.0
P116-600;P116-600 RET  POSTE CONCRETO 16,5M/600;UN;0.0
P121000B;P121000B INST PTE CONCRETO 12M/1000 DAN;UN;0.0
P122000B;P122000B INST POSTE DE CONCRETO 12M/2000;UN;0.0
P151000B;P151000B INST PTE CONCRETO 15M/1000 DAN;UN;0.0
P19-300;P19-300  RET  POSTE DE CONCRETO 9M/300;UN;0.0
P19150A;P19150A  RET  POSTE DE CONCRETO 9M/150D;UN;0.0
P19150B;P19150B INST POSTE DE CONCRETO 9M/150;UN;0.0
P19300A;P19300A  RET  POSTE DE CONCRETO 9M/300D;UN;0.0
P19300B;P19300B INST POSTE DE CONCRETO 9M/300 DA;UN;0.0
P211300;P211300  INST POSTE DUPLO T CONCR 11/300;UN;0.0
P211600;P211600 INST POSTE DUPLO T CONCR 11/600;UN;0.0
P212600;P212600 INST POSTE DUPLO T CONCR 12/600;UN;0.0
P29300;P29300 INST POSTE DUPLO T CONCR 9/300;UN;0.0
P310-300;P310-300 RET  POSTE DE MADEIRA 10M/300;UN;0.0
P311-300;P311-300 RET  POSTE MADEIRA 11M/300 DAN;UN;0.0
P312-600;P312-600 INST POSTE DE MADEIRA 12M/600;UN;0.0
P37-230;P37-230  INST POSTE DE MADEIRA 7M/230 D;UN;0.0
P39-150;P39-150  RET  POSTE DE MADEIRA 9M/150 D;UN;0.0
P411300;P411300 INST POSTE DE FIBRA 11M/300DAN;UN;0.0
P411600;P411600 INST POSTE DE FIBRA 11M/600DAN;UN;0.0
P412600;P412600 INST POSTE DE FIBRA 12M/600DAN;UN;0.0
P49300;P49300 INST POSTE DE FIBRA 9M/300DAN;UN;0.0
P675200;P675200 INST POSTE QUAD ACO 200DAN;UN;0.0
P711300;P711300 INST POSTE DE CONCR 11M/300 AA;UN;0.0
P711600;P711600 INST POSTE DE CONCR 11M/600 AA;UN;0.0
P712300;P712300 INST POSTE DE CONCR 12M/300 AA;UN;0.0
P712600;P712600 INST POSTE DE CONC 12M/600 AA;UN;0.0
C1139734;C1139734 INST CABO POL.CAM.SIMP.397,5MC;UN;0.0
C153,019;C153,019 RET  FIO ACO ZINCADO 3,09 MM -;UN;0.0
C3/39734;C3/39734 INST CABO CA 397,5 MCM-NU;UN;0.0
C3/55634;C3/55634 INST CABO CA 556,5 MCM-NU;UN;0.0
C3018534;C3018534 INST CABO PR REU 185MM2 C/B 34;UN;0.0
C34/034R;C34/034R RET CABO AL NU 4/0AWG R.LIGAÇÃO;UN;0.0
C397CS34;C397CS34 INST CABO COBERTO POLIET. 397,;UN;0.0
C41/034R;C41/034R INST CABO CAA 1/0 AWG-NU/R.LIG;UN;0.0
C-4/4-1;C-4/4-1 INST CABO CAA 4 AWG NU;UN;0.0
C-4/4-7;C-4/4-7  INST CABO CAA 4 AWG-NU;UN;0.0
C1/95S34;C1/95S34 INST CABO ALUM COBERTO XLPE/TR;UN;0.0
C11/50;C11/50 INST CABO COBERTO AL 50MM2;UN;0.0
C1139713;C1139713 INST CABO CA COBERTO 397,5;UN;0.0
C12/1/0R;C12/1/0R INST CABO CAA SI 1/0- RAMAL LI;UN;0.0
C12/4-13;C12/4-13 INST CABO CAA 4 AWG COBERTO;UN;0.0
C12/5013;C12/5013 INST CABO CA COBERTO 50MM2;UN;0.0
C121/013;C121/013 INST CABO CAA SEMI-ISOL.1/0;UN;0.0
C15/3,07;C15/3,07 RET  FIO ACO ZINCADO 3,09 MM-C;UN;0.0
C20/3513;C20/3513 RET  CABO PRE-REUNIDO 35 MM2;UN;0.0
C2012013;C2012013 RET  CABO PRE-REUNIDO 120 MM2;UN;0.0
C2024013;C2024013 INST CABO PRÉ-REUNIDO 240 mm²;UN;0.0
C3/39713;C3/39713 INST CABO CA 397,5 MCM-NU;UN;0.0
C3/4/013;C3/4/013 RET  CABO NU CA 4/0 AWG;UN;0.0
C30/185;C30/185  INST CABO PRE-REUN. 185MM2 C/B;UN;0.0
C30/50;C30/50   INST CABO PRE-REUN. 50MM2 C/BL;UN;0.0
C34/013R;C34/013R RET  CABO NU CA 4/0 AWG/R.LIGA;UN;0.0
C4/1/013;C4/1/013 INST CABO CAA 1/0 AWG-NU;UN;0.0
C41/013R;C41/013R INST CABO CAA 1/0 AWG-NU/R.LIG;UN;0.0
C-4/2-BT;C-4/2-BT RET  CABO CAA 6/1 FIOS 2 AWG-N;UN;0.0
C-8/50;C-8/50  INSTALAÇÃO CABO 50 MM² PVC COBRE;UN;0.0
C-8X/120;C-8/120 INST CABO UNIP. XLPE CU 120MM2-0;UN;0.0
C-8X/240;C-8/240 INST CABO UNIP. XLPE CU 240MM2-0;UN;0.0
C-8X/35;C-8/35 INST CABO UNIP. XLPE CU 35MM2-06;UN;0.0
C-8X/70;C-8/70 INST CABO UNIP. XLPE CU 120MM2-06;UN;0.0
C101/0BT;C101/0BT INST CABO CA 1/0 AWG - PVC;UN;0.0
C10397BT;C10397BT  INST CABO CA 397,5 MCM - PVC;UN;0.0
C1125BT;C1125BT INST CABO DE AL XLPE 1 X 25MM2;UN;0.0
C13/2BT;C13/2BT  RET  CABO CA 2 AWG - PVC(WPP);UN;0.0
C131/0BT;C131/0BT RET  CABO CA 1/0 AWG-PVC(WPP);UN;0.0
C13397BR;C13397BR RET  CABO CA 397,5 MCM-PVC(WPP;UN;0.0
C13397BT;C13397BT RET  CABO CA 397,5 MCM-PVC(WPP;UN;0.0
C134/0BT;C134/0BT RET  CABO CA 7 FIOS 4/0 AWG-PV;UN;0.0
C3/397BT;C3/397BT INST CABO CA 397,5 MCM-NU;UN;0.0
C3/4/0BT;C3/4/0BT RET  CABO CA 7 FIOS 4/0 AWG-NU;UN;0.0
C3397BTR;C3397BTR INST CABO CA 397,5 MCM-NU/R.LI;UN;0.0
C4/1/0BT;C4/1/0BT INST CABO CAA 1/0 AWG-NU;UN;0.0
C5/185;C5/185   INST CABO QUADRUPLEX ISOL. 185;UN;0.0
C5/4QBTR;C5/4QBTR INST CABO QUADRUPLEX 4AWG-R.LI;UN;0.0
C5/6DBTR;C5/6DBTR INST CABO DUPLEX 6 AWG-R.LIGAC;UN;0.0
C5/6QBTR;C5/6QBTR INST CABO QUADRUPLEX 6AWG-R.LI;UN;0.0
C5/6TBTR;C5/6TBTR INST CABO TRIPLEX 6 AWG-R.LIGA;UN;0.0
C5/70;C5/70    RET  CABO QUADRUPLEX ISOL. 70;UN;0.0
C51/0QBR;C51/0QBR INST CABO QUADRUPLEX 1/0 AWG/R;UN;0.0
C51/0QBT;C51/0QBT INST CABO QUADRUPLEX 1/0 AWG;UN;0.0
C53/0QBR;C53/0QBR RET  CABO QUADRUPLEX 3/0 AWG/R;UN;0.0
C54/0QBR;C54/0QBR INST CABO QUAD.4/0 AWG-POLIET/;UN;0.0
C54/0QBT;C54/0QBT INST CABO QUADRUPLEX 4/0 AWG-P;UN;0.0
C5C/185;C5C/185 INST CABO MTX ISOL COL 185 MM²;UN;0.0
C5C/240;C5C/240 INST CABO MULTIPLEX ISOL 240MM²;UN;0.0
C5C/70;C5C/70 INST CABO MTX ISOL COL 70 MM²;UN;0.0
C8-10TET;C8-10TET INST CABO ISO BT XLPE AL 3X10MM;UN;0.0
C8-10TRI;C8-10TRI INST CABO ISO BT XLPE AL 2X10M;UN;0.0
C8-16A;C8-16A   RET  CABO CU PVC AZUL CLARO  1;UN;0.0
C8-16P;C8-16P   RET  CABO CU PVC PRETO 16MM2;UN;0.0
C8-16V;C8-16V   RET  CABO CU PVC VERMELHO 16 M;UN;0.0
C8-2X10;C8-2X10 INST CONDUTOR BP CONCENTRICO 10M;UN;0.0
C8-2X16;C8-2X16 INST.CABO BP CONCENT. ALUM 16MM2;UN;0.0
C8-2X6;C8-2X6   RET  CONDUTOR BP CONCENTRICO 6;UN;0.0
C8-35A;C8-35A   RET  CABO CU PVC AZUL CLARO 35;UN;0.0
C8-35B;C8-35B   RET  CABO CU PVC  BRANCO 35MM2;UN;0.0
C8-35P;C8-35P   RET  CABO CU PVC PRETO 35MM2;UN;0.0
C8-4X10;C8-4X10 INST CONDUTOR TETRA CONCENTRICO;UN;0.0
C8-4X16;C8-4X16 INST CABO TETR  CONC. ALUM 16MM2;UN;0.0
C8/1P-BT;C8/1P-BT INST FIO CU 1,5 MM2 PVC PRETO;UN;0.0
C8/1V-BT;C8/1V-BT INST FIO CU 1,5 MM2 PVC VERMEL;UN;0.0
CIA150BT;CIA150BT INST CABO ISOL ARMADO SECUND;UN;0.0
CIA25BT;CIA25BT INST CABO ISOL ARMADO SECUND;UN;0.0
CIA95BT;CIA95BT INST CABO ISOL ARMADO SECUND;UN;0.0
CIAR25BT;CIAR25BT INST CABO ISOL ARMADO SECUND;UN;0.0
C-13/16R;C-13/16R INST CABO CU COBERTO 16MM2 - RE;UN;0.0
C-17;C-17     INST CABO NU ACO-COBRE 35,1 MM;UN;0.0
C-17/PVC;C-17/PVC INST CABO ATERRAM COBER ACO CAR;UN;0.0
C-7/10;C-7/10   INST FIO NU CU RECOZIDO 10 MM2;UN;0.0
C-7/16;C-7/16   INST FIO NU COBRE 16 MM2 (N.4;UN;0.0
C-7/25;C-7/25   INST CABO DE COBRE NU 25 MM2;UN;0.0
C-7/25M;C-7/25M  RET  CABO NU DE COBRE 25 MM2 M;UN;0.0
C-7/6;C-7/6    RET  FIO DE COBRE NU 6MM2;UN;0.0
C-8/25;C-8/25   INST CABO CU-PVC PRETO 750V-25;UN;0.0
C101/0TR;C101/0TR INST CABO CA 1/0 AWG PVC-LEAD;UN;0.0
C10400TR;C10400TR INST CABO CA 400 MCM PVC-LEAD;UN;0.0
C13/16;C13/16   INST CABO CU COBERTO/ISOLADO_1;UN;0.0
C8/1/0TR;C8/1/0TR INST CABO CU 1/0 AWG PVC-LEAD;UN;0.0
C8/2/0TR;C8/2/0TR RET  CABO CU 2/0 AWG PVC-LEAD;UN;0.0
C8/240TR;C8/240TR INST CABO CU 240MM2 PVC LEAD.T;UN;0.0
C8/250TR;C8/250TR INST CABO CU 250 MCM PVC-LEAD;UN;0.0
C8/4/0TR;C8/4/0TR INST CABO CU 4/0 AWG PVC-LEAD;UN;0.0
C8/500TR;C8/500TR RET  CABO CU 500 MCM PVC-LEAD;UN;0.0
I-2/13;I-2/13   RET  CONJUNTO ISOLADOR/PINO 13;UN;0.0
I-2/13F;I-2/13F  RET  CON.ISO.PINO/PINO P/FERRO;UN;0.0
I-2/13T;I-2/13T  INST CONJ ISOL/PINO TOPO 35 MM;UN;0.0
I-2/19;I-2/19   RET  CONJ ISOLADOR/PINO TOPO 1;UN;0.0
I-2/34;I-2/34   RET  CONJUNTO ISOLADOR/PINO 34;UN;0.0
I-2/34F;I-2/34F  RET  CON.ISOL.PINO/PINO P/FERR;UN;0.0
I-2/7;I-2/7    RET  CONJ ISOLADOR/PINO TOPO 7;UN;0.0
I-4/13;I-4/13   INST CONJ.ISOLADOR SUSPENSAO 1;UN;0.0
I-4/13-1;I-4/13-1 RET  ISOLADOR SUSPENSAO P/RET.;UN;0.0
I-4/13-R;I-4/13-R INST CONJ. ISOL. SUSP. 13 KV.;UN;0.0
I-4/13C;I-4/13C RET CONJ.ISO.SUS.CON.BOL/CONCHI;UN;0.0
I-4/19;I-4/19   INST CONJ.ISOLADOR SUSPENSAO 1;UN;0.0
I-4/34;I-4/34   INST CONJ.ISOLADOR SUSPENSAO 3;UN;0.0
I-4/34-1;I-4/34-1 RET  ISOLADOR SUSPENSAO P/RET.;UN;0.0
I-4/34C;I-4/34C  RET  CONJ.ISO.SUS.CON.BOL/CONC;UN;0.0
I-4/34OB;I-4/34OB RET  C. ISOL.SUSP.CONEC.BOLETO;UN;0.0
I-4/7;I-4/7    INST CONJ.ISOLADOR SUSPENSAO 7;UN;0.0
I-5/13PM;I-5/13PM INST CONJ ISOL PILAR/PINO 13,8;UN;0.0
I-5/34PM;I-5/34PM INST CONJ ISOL PILAR/PINO 34,5;UN;0.0
I4/13GAL;I4/13GAL RET  CONJ.ISOL.SUSP.P/CABO AL;UN;0.0
I4/13GCU;I4/13GCU RET  CONJ.ISOL.SUSP.P/CABO CU;UN;0.0
I4/34GAL;I4/34GAL RET  CONJ.ISOL.SUSP.P/CABO AL;UN;0.0
I4/34GCU;I4/34GCU RET  CONJ.ISOL.SUSP.P/CABO CU;UN;0.0
E-11/34;E-11/34  INST CHAVE DE FACA 34.5 KV;UN;0.0
E-29/13;E-29/13  INST PARA-RAIOS 15 KV;UN;0.0
E-29/34;E-29/34  INST PARA-RAIOS 34,5 KV;UN;0.0
E-29/7;E-29/7   INST PARA-RAIO RURAL 7,6KV (F-;UN;0.0
E-48P/38;E-48P/38 - INST.PORTA FUS.CLASSE B TIP.T;UN;0.0
E-9/34;E-9/34   INST CHAVE FUSIVEL 34.5 KV;UN;0.0
E-9P/34;E-9P/34INST CHAVE FUSIV DISTR TP C38KV;UN;0.0
E-9R3/15;E-9R3/15 - INST. CHAVE FUSIV. RELIGADORA;UN;0.0
E11/13BP;E11/13BP INST CHAVE FACA BY-PASS EQUIPA;UN;0.0
E11/13LB;E11/13LB INST CHAVE FACA-LB 14,4 KV-500;UN;0.0
E11/13LM;E11/13LM RET  CHAVE FACA-LM 15 KV;UN;0.0
E11/34LB;E11/34LB INST CHAVE FACA UNI LB 34,5 KV;UN;0.0
E29/13AP;E29/13AP INST PARA-RAIOS 15 KV;UN;0.0
E29/BRBT;E29/BRBT INST PARA-RAIOS BLIND FIM LINHA;UN;0.0
E9/13-10;E9/13-10 INST CHAVE FUSIVEL-LB 10 KA SE;UN;0.0
E9/13-2;E9/13-2 RET CHAVE FUSÍVEL LB 2KA S/ELO;UN;0.0
E9/13-8;E9/13-8  RET  CHAVE FUSIVEL-LB 8 KA SEM;UN;0.0
E9/13DO;E9/13DO  RET  CHAVE FUSIVEL-DO C/SUPORT;UN;0.0
E9/13HDO;E9/13HDO RET  CHAV.FUSIVEL-HDO C/SUPORT;UN;0.0
SEC1-15;SEC1-15 INST.SEC. ELET. AUTOMATICO;UN;0.0
SEC1-34;SEC1-34 INST.SEC. ELET. AUTOMATICO;UN;0.0
A-30/10;A-30/10 INST SUP TRAFO DES 122236 ITEM 3;UN;0.0
A-30/11;A-30/11 INST SUP TRAFO DES 122236 ITEM 4;UN;0.0
A-30/12;A-30/12 INST SUP TRAFO DES 122236 ITEM 5;UN;0.0
A-30/13;A-30/13 INST SUP TRAFO DES 122236 ITEM 6;UN;0.0
A-30/14;A-30/14 INST SUP TRAFO DES 122236 ITEM 7;UN;0.0
A-30/8;A-30/8 INST SUP TRAFO DES 122236 ITEM 1;UN;0.0
A-30/9;A-30/9 INST SUP TRAFO DES 122236 ITEM 2;UN;0.0
EASYTRAF;EASYTRAF INSTALAÇÃO EASY TRAFO;UN;0.0
TR/AP45S;INST TR. AER. 45 KVA AUTO-PROT-Serial.;UN;0.0
TR/AP75S;INST TR. AER. 75 KVA AUTO-PROT-Serial.;UN;0.0
TAP112S;INST TR. AER. 112.5KVA AUTO-PROT-Serial.;UN;0.0
TR/15-6S;NST TR. AER. 15KVA TRIF.13KV-Serial.;UN;0.0
TR/30-S;INST TR. AER. 30 KVA TRIF. 13 KV-Serial.;UN;0.0
TR/45-S;INST TR. AER. 45 KVA TRIF. 13 KV-Serial.;UN;0.0
TR/75-S;INST TR. AER. 75 KVA TRIF. 13 KV-Serial.;UN;0.0
T/112-4S;INST TR. AER. 112KVA TRIF.13 KV-Serial.;UN;0.0
TR/150-S;INST TR. AER. 150 KVA TRIF.13 KV-Serial.;UN;0.0
TR/225-S;INST.TR. AER. 225 KVA TRIF. 13KV-Serial.;UN;0.0
TR300-4S;TR300-4S INST TRAFO AÉREO 13KVA TRIF;UN;0.0
TR/5-6S;TR/5-6S INST TR. AER. 5KVA DIST RURAL;UN;0.0
TR/10-6S;INST TR.AER. 10 KVA DIST. RURAL-Serial.;UN;0.0
TR/15-7S;NST TR. AER. 15 KVA DIST. RURAL-Serial;UN;0.0
T/AP112B;T/AP112B RET TRAFO AER 112KVA AP BLIND;UN;0.0
T/AP45BS;INST TR. AER. 45KVA AP-C/BLIND-Serial.;UN;0.0
T/AP75BS;INST TR. AER. 75KVA AP-C/BLIND-Serial.;UN;0.0
TAP112;TAP112   RET  TRAFO AEREO 112.5KVA AUTO;UN;0.0
TAP112BS;INST TR. AER. 112,5KVA AP-C/BLIND-Serial;UN;0.0
TAP150BL;TAP150BL- RET.TRAFO AUT PROT.BLIN.150KVA;UN;0.0
TAP150BS;RET.TRAFO AUT PROT.BLIN.150KVA-Serial.;UN;0.0
TAPD112;TAPD112  INST TRAFO AEREO 112KVA AP-DES;UN;0.0
TAPD75;TAPD75   INST TRAFO AEREO 75KVA AP-DESC;UN;0.0
TI/100-1;TI/100-1 RET  TRAFO AEREO ISOL.100KVA 6;UN;0.0
TI/100-S;INST TRAFO AEREO ISOL.100KVA 6-Serial.;UN;0.0
TI/25-1;TI/25-1  RET  TRAFO AEREO ISOL.25 KVA 6;UN;0.0
TI/25-1S;INST TR. AER. ISOL.25 KVA 6/13KV-Serial.;UN;0.0
TI/25-2;TI/25-2  INST TRAFO AER.ISOL.25KVA 25/1;UN;0.0
TI/50-1;TI/50-1  RET  TRAFO AEREO ISOL. 50KVA 6;UN;0.0
TI/50-1S;INST TR. AER. ISOL. 50KVA 6/13KV-Serial.;UN;0.0
TI/50-3;TI/50-3  INST TRAFO AER. ISOL.2X50KVA 6;UN;0.0
TI/75-1;TI/75-1 RET TRAFO AEREO ISOL 75KVA 6/13;UN;0.0
TI/75-1S;TI/75-1S INST TRAFO AER ISOL 75KVA 6/13;UN;0.0
TP13/115;TP13/115 INST TRAFO POTENCIAL 15KV 500VA;UN;0.0
TP13RL;TP13RL INST TP 15 KV/500VA P/RELIGADOR;UN;0.0
TP34/115;TP34/115 INST TP 34,5 KV/500VA;UN;0.0
TP34RL;TP34RL INST TP 34,5 KV/500VA P/RELIGADOR;UN;0.0
TR/10-1;TR/10-1  INST TRAFO AEREO 10 KVA MONO 6;UN;0.0
TR/10-2;TR/10-2  INST TRAFO AEREO 10 KVA MONO 6;UN;0.0
TR/10-3;TR/10-3  INST TRAFO AEREO 10 KVA TRIF.;UN;0.0
TR/10-4;TR/10-4  INST TRAFO AEREO 10 KVA TRIF.6;UN;0.0
TR/10-5;TR/10-5  INST TRAFO AEREO 10 KVA DIST.;UN;0.0
TR/10-6;TR/10-6   RET TRAFO AEREO 10 KVA DIST. R;UN;0.0
TR/100-2;TR/100-2 RET  TRAFO AEREO 100KVA MONO 6;UN;0.0
TR/100-3;TR/100-3 INST TRAFO AEREO 100 KVA TRIF.;UN;0.0
TR/100-4;TR/100-4 INST TRAFO AERO 100 KVA TRIF.6;UN;0.0
TR/112-3;TR/112-3 RET  TRAFO AEREO 112KVA TRIF.6;UN;0.0
TR/112-4;TR/112-4 RET  TRAFO AEREO 112KVA TRIF.1;UN;0.0
TR/112-5;TR/112-5 RET  TRAFO AEREO 112KVA TRIF.;UN;0.0
TR/112-S;INST TR. AER. 112KVA TRIF.6/13KV-Serial.;UN;0.0
TR/112TS;TR/112TS INST TR. AER 112.5KVA TRIF. 13;UN;0.0
TR/15-1;TR/15-1  INST TRAFO AEREO 15 KVA MONO 6;UN;0.0
TR/15-2;TR/15-2  INST TRAFO AEREO 15 KVA MONO 6;UN;0.0
TR/15-3;TR/15-3  INST TRAFO AEREO 15 KVA TRIF.;UN;0.0
TR/15-4;TR/15-4  RET  TRAFO AEREO 15 KVA TRIF.6;UN;0.0
TR/15-4S;INST TR. AER. 15 KVA TRIF.6/13KV-Serial.;UN;0.0
TR/15-5;TR/15-5  INST TRAFO AEREO 15 KVA DIST.;UN;0.0
TR/15-6;TR/15-6 RET TRAFO AÉREO 15KVA TRIF.13KV;UN;0.0
TR/15-7;TR/15-7   RET TRAFO AEREO 15 KVA DIST. R;UN;0.0
TR/150-4;TR/150-4 RET TRAFO AEREO 150 KVA TRIF;UN;0.0
TR/150TS;TR/150TS INST TR. AER 150KVA TRIF. 13 KV;UN;0.0
TR/20-1;TR/20-1  RET  TRAFO AEREO 20 KVA MONO 6;UN;0.0
TR/20-2;TR/20-2  RET  TRAFO AEREO 20 KVA MONO 6;UN;0.0
TR/20-3;TR/20-3  INST TRAFO AEREO 20 KVA TRIF.;UN;0.0
TR/20-4;TR/20-4  INST TRAFO AEREO 20 KVA TRIF.6;UN;0.0
TR/225-4;TR/225-4 RET TRAFO AÉREO 225 KVA TRIF;UN;0.0
TR/25-1;TR/25-1  INST TRAFO AEREO 25 KVA MONO 6;UN;0.0
TR/25-2;TR/25-2  INST TRAFO AEREO 25 KVA MONO 6;UN;0.0
TR/25-3;TR/25-3  INST TRAFO AEREO 25 KVA TRIF.;UN;0.0
TR/25-4;TR/25-4  INST TRAFO AEREO 25 KVA TRIF.6;UN;0.0
TR/30-3;TR/30-3  RET  TRAFO AEREO 30 KVA TRIF.6;UN;0.0
TR/30-3S;INST TR. ERA. 30 KVA TRIF.6/13KV-Serial.;UN;0.0
TR/30-4;TR/30-4  RET  TRAFO AEREO 30 KVA TRIF.;UN;0.0
TR/300-4;TR/300-4 RET TRAFO AÉREO 13KVA TRIF;UN;0.0
TR/45-3;TR/45-3  RET  TRAFO AEREO 45 KVA TRIF.6;UN;0.0
TR/45-3S;NST TR. AER. 45 KVA TRIF.6/13KV-Serial.;UN;0.0
TR/45-4;TR/45-4  RET  TRAFO AEREO 45 KVA TRIF.;UN;0.0
TR/45TS;TR/45TS  INST TR. AER 45 KVA TRIF. 13 KV;UN;0.0
TR/5-1;TR/5-1   INST TRAFO AEREO 5 KVA MONO 6;UN;0.0
TR/5-2;TR/5-2   INST TRAFO AEREO 5 KVA MONO 6/;UN;0.0
TR/5-3;TR/5-3   INST TRAFO AEREO 5 KVA TRIF 6;UN;0.0
TR/5-4;TR/5-4   INST TRAFO AEREO 5KVA TRIF. 6/;UN;0.0
TR/5-5;TR/5-5   INST TRAFO AEREO 5 KVA DIST. R;UN;0.0
TR/5-6;TR/5-6   RET TRAFO AEREO 5 KVA DIST. RUR;UN;0.0
TR/50-3;TR/50-3  INST TRAFO AEREO 50 KVA TRIF.6;UN;0.0
TR/50-4;TR/50-4  INST TRAFO AEREO 50 KVA TRIF.6;UN;0.0
TR/75-1;TR/75-1  INST TRAFO AEREO 75 KVA MONO 6;UN;0.0
TR/75-2;TR/75-2  RET  TRAFO AEREO 75 KVA MONO 6;UN;0.0
TR/75-2S;NST TR. AER. 75 KVA MONO 6/13KV-Serial.;UN;0.0
TR/75-3;TR/75-3  RET  TRAFO AEREO 75 KVA TRIF.6;UN;0.0
TR/75-3S;INST TR. AER. 75 KVA TRIF.6/13KV-Serial.;UN;0.0
TR/75-4;TR/75-4  RET  TRAFO AEREO 75 KVA TRIF.;UN;0.0
TR/75TS;TR/75TS  INST TR. AER 75 KVA TRIF. 13 KV;UN;0.0
TR/AP-45;TR/AP-45 RET  TRAFO AEREO 45 KVA AUTO-P;UN;0.0
TR/AP-75;TR/AP-75 RET  TRAFO AEREO 75 KVA AUTO-P;UN;0.0
TR/AP45B;TR/AP45B RET TRAFO AER 45KVA AP C/BLIND;UN;0.0
TR/AP75B;TR/AP75B RET TRAFO AER 75KVA AP C/BLIND;UN;0.0
TR100-2S;TR100-2S INST TRAFO AEREO 100KVA MONO 6;UN;0.0
13RGDF3P;13RGDF3P INST REGUL DELTA FECH 3 POSTES;UN;0.0
13RGDFPL;13RGDFPL INST REG DELT FECHADO PLATAFORM;UN;0.0
25RGDFPL;25RGDFPL INST REGULADOR DELTA FECHADO PL;UN;0.0
C1;C1       INST CAPACITOR MONOF.100KVAR 7;UN;0.0
C2;C2       INST CAPACITOR MONOF.200KVAR 7;UN;0.0
C3;C3       INST CAPACITOR MONOF.100KVAR 8;UN;0.0
C4;C4       INST CAPACITOR MONOF.200KVAR 8;UN;0.0
CAJ;CAJ      INST CAIXA DE JUNCAO;UN;0.0
CCTE;CCTE     INST CAIXA CONTROLE TENSAO COR;UN;0.0
CG-34;CG-34 INST CHAVE 3Ø OP.CARGA SF6 34,5KV;UN;0.0
CG13;CG13 INST CHAVE INTERRUP.TRIPOLAR SF6 13;UN;0.0
CHO;CHO      INST CHAVE OLEO AUTOM.P/CAPACI;UN;0.0
CM-BR-CV;CM-BR-CV INST CONJ MED COMP B. RENDA RED;UN;0.0
CM/400;CM/400   INST CONJ. MED. TRIF. TC ATE 4;UN;0.0
CM/50;CM/50    INST CONJ. MED. TRIF. TC ATE 5;UN;0.0
CM01;CM01 INST MED.FATURAMENTO DE E.E. 40/5A;UN;0.0
CM02;CM02 INST MED.FATURAMENTO DE E.E. 30/5A;UN;0.0
CM03;CM03 INST MED.FATURAMENTO DE E.E. 15/5A;UN;0.0
CM04;CM04 INST MED.FATURAMENTO DE E.E. 100/5A;UN;0.0
CM05;CM05 INST MD FATUR ENCAPSULADO MT 40/5A;UN;0.0
CM06;CM06 INST MD FATUR ENCAPSULADO MT 30/5A;UN;0.0
CM07;CM07 INST MD FATUR ENCAPSULADO MT 15/5A;UN;0.0
CM08;CM08 INST MD FATUR ENCAPSULADO MT 100/5A;UN;0.0
CM100200;CM-100/200 INST CONJ MD FRO MT 100/200-5;UN;0.0
CMC-25-1;CMC-25-1 INST CONJ MED COMP REDE CONV;UN;0.0
CPST/112;CPST/112 RET  CJ.PROT.SEC.P/TR.112.5KVA;UN;0.0
CPST/75;CPST/75  RET  CONJ.PROT.SEC.P/TR. 75KVA;UN;0.0
CTS;CTS      INST CAIXA DE CONTROLE TIME SW;UN;0.0
CTT;CTT      INST COM. P/TEMPO SUPERV. P/TE;UN;0.0
CXP/112;CXP/112  RET  DISPOSITIVO PROT.SEC.TRAF;UN;0.0
CXP/75;CXP/75   RET  DISPOSITIVO PROT.SEC. TRA;UN;0.0
R-N24;R-N24 RET RELIGADOR NU.LEC 15KV;UN;0.0
R-U27;R-U27 INST RELIGADOR NU.LEC-SÉRIE U-27KV;UN;0.0
R/13-KF;"R/13-KF  INST RELIGADOR TIPO ""KF""14,4KV";UN;0.0
R/25;"R/25     INST RELIGADOR TIPO ""WV ""25KV-";UN;0.0
R/34;"R/34     INST RELIGADOR TIPO ""RV""34,5KV";UN;0.0
R/KF-E;R/KF-E   INST RELIGADOR TIPO KFE 14,4KV;UN;0.0
R/KFME;R/KFME   RET  RELIGADOR TIPO KFME-15KV/;UN;0.0
REG13/32;REG13/32 INST REGULAD. TENSÃO 32D 13,8KV;UN;0.0
RG/34;RG/34    RET  REGULADOR MONOF. 25,8KV-1;UN;0.0
RG/34-1;RG/34-1 NST REGULADOR TENSÃO MONOF 300A;UN;0.0
RG/6;RG/6     RET  REGULADOR MONOF. 6,6KV-10;UN;0.0
RG13/6KV;RG13/6KV INST REGULADOR TENSÃO 32 DEG 13;UN;0.0
SEC;SEC      INST SECCIONALIZADOR GN3,15KV-;UN;0.0
SEC/E;SEC/E    INST SECCIONALIZADOR GN3E,15KV;UN;0.0
SEC/EB;SEC/EB   INST SECCIONALIZ.GN3-EB,15KV-2;UN;0.0
SEC/F2;SEC/F2   INST SECCIONALIZ. GN3-F2,15KV-;UN;0.0
TC1;TC1      INST TRAFO DE CORRENTE 15KV 20;UN;0.0
TC2;TC2      INST TRAFO DE CORRENTE 15KV 50;UN;0.0
TC3;TC3      INST TRAFO DE CORRENTE 15KV 40;UN;0.0
13B1;13B1     INST BECO PINO SIMPLES URB. 13;UN;0.0
13B1/F-1;13B1/F-1 INST 13B1 SEM ISOLADORES;UN;0.0
13B1DT;13B1DT    INST BECO PINO SIMPLES URB. 13;UN;0.0
13B2;13B2     RET  BECO PINO DUPLO URBANO 13;UN;0.0
13B2/F-1;13B2/F-1 INST 13B2 SEM ISOLADORES;UN;0.0
13B3;13B3     INST BECO UM FIM REDE URB. 13,;UN;0.0
13B3DT;13B3DT    INST BECO UM FIM REDE URB. 13,;UN;0.0
13B4;13B4     INST BECO 2 FINS REDE URBANO 1;UN;0.0
13B4DT;13B4DT    INST BECO 2 FINS REDE URBANO 1;UN;0.0
13CE4DT;13CE4DT   INST RD.AE.COMPAC.P/DEFLEXAO E;UN;0.0
13I3BDTA;13I3BDTA INST R. INV. FIM REDE. AFA MT P;UN;0.0
13I3DB3A;13I3DB3A INST CONJUG CONVS DER MT AFAST;UN;0.0
13I3DB4A;13I3DB4A INST CON/DER DUPLA ANC AFAST MT;UN;0.0
13I3DDTA;13I3DDTA INST R INV CONV FIM RD BLIN DUP;UN;0.0
13ID4DTA;13ID4DTA INST RD INV DER DUP ANC AFAST M;UN;0.0
13IDB3DA;13IDB3DA INST RD INV CONVR DER BLD AFT M;UN;0.0
13IDB4DA;13IDB4DA INST RD INV CONVR DER DUP ANC M;UN;0.0
13IDBDTA;13IDBDTA INST RD INV DER BLIN AFAST MTDT;UN;0.0
13IFRDTA;13IFRDTA INST RD INV DER CFR AFT MTDT;UN;0.0
13IFSDTA;13IFSDTA INST EST CJ DER SEC MONO BY PAS;UN;0.0
13IN2DTA;13IN2DTA INST R. INV. DEFLEX. REDE AFAST;UN;0.0
13IN3BDA;13IN3BDA INST R INVERT FIM REDE BLIN DUP;UN;0.0
13IN4DTA;13IN4DTA INST R. INV. DUPLA ANCOR. AFA M;UN;0.0
13INBDTA;13INBDTA INST RD INV DER BLIN AFAST MTDT;UN;0.0
13INDB3A;13INDB3A INST CONJUG FIM RD DER AFAST MT;UN;0.0
13INDB4A;13INDB4A INST FIM RD DER BL DUP ANC AF M;UN;0.0
13INDDT;13INDDT  INST ESTR CONJUG. DERIV EM P. D;UN;0.0
13INDDTA;13INDDTA INST R. INV. DERIVA. REDE AFAST;UN;0.0
13INDFDT;13INDFDT INST ESTR CONJ. DERIV CHV FUS.;UN;0.0
13INFDTA;13INFDTA INST R. INV. DERIV CH. FUS. AFA;UN;0.0
13INSDTA;13INSDTA INST R. INV. CHV SECC UNIP. AFA;UN;0.0
13INSUDT;13INSUDT INST ESTR CHVA SECC EM CARGA P.;UN;0.0
13INV1;13INV1   INST R. INVERT ALIN. RETO PRIMÁ;UN;0.0
13INV1DT;13INV1DT INST EST RD INV ALI RETO PTE DT;UN;0.0
13INV2;13INV2   INST R. INVERT P/ DEFLEXÃO DE R;UN;0.0
13INV2A;13INV2A  INST R. INVERT DEFLEX. RD C/ AF;UN;0.0
13INV2DT;13INV2DT INST EST RD INV DEFLEXÃO PTE DT;UN;0.0
13INV3;13INV3   INST R. INVERT FIM DE REDE PRIM;UN;0.0
13INV3BA;13INV3BA INST R. INVERT FIM REDEC/ AFAST;UN;0.0
13INV3DT;13INV3DT INST EST RD INV FIM REDE PTE DT;UN;0.0
13INV4;13INV4   INST R. INVERT DUPLA ANCOR PRIM;UN;0.0
13INV4A;13INV4A INST R. INVERT DUP. ANCOR.C/ AF;UN;0.0
13INV4DT;13INV4DT INST EST RD INV ANC DUPL PTE DT;UN;0.0
13INVBA;13INVBA INST EST CONJ DER BLIN AFAST MT;UN;0.0
13INVD4A;13INVD4A INST EST CON DER DP ANC AFAS MT;UN;0.0
13INVDBA;13INVDBA INST EST CONJ DER MT/BLIN AF MT;UN;0.0
13INVDER;13INVDER INST R. INVERT P/ EST.CONJUG. P;UN;0.0
13INVDFU;13INVDFU INST R. INVERT P/ EST.CONJUG DE;UN;0.0
13INVDRA;13INVDRA INST R. INVERT DERIV. RD COM AF;UN;0.0
13INVFRA;13INVFRA INST CJ DER CH FUS REL AFAST MT;UN;0.0
13INVFSA;13INVFSA INST CONJ DER SEC MONO AFAST MT;UN;0.0
13INVFUA;13INVFUA INST R. INVERT P/CHVA FUS COM A;UN;0.0
13INVSA;13INVSA  INST R. INVERT P/CHVA SECC COM;UN;0.0
13INVSU;13INVSU  INST R. INVERT P/ EST.CHV SEC U;UN;0.0
13IVV1;13IVV1 INST RD INV VER ALIN RETO;UN;0.0
13IVV3;13IVV3 INST RD INV VER FIM REDE;UN;0.0
13IVV4;13IVV4 INST RD INV VER DUP ANCORAGEM;UN;0.0
13IVVDBR;13IVVDBR INST RD INV VERT EST DUP ANC BL;UN;0.0
13IVVDER;13IVVDER INST RD INV VERT PARA DERIVAÇÃO;UN;0.0
13M1;13M1     INST MEIO BEC.PINO SIMPLES URB;UN;0.0
13M1/F-1;13M1/F-1 INST 13M1 SEM ISOLADORES;UN;0.0
13M1DT;13M1DT    INST MEIO BEC.PINO SIMPLES URB;UN;0.0
13M2;13M2     RET  MEIO BECO PINO DUPLO URB.;UN;0.0
13M2/F-1;13M2/F-1 INST 13M2 SEM ISOLADORES;UN;0.0
13M3;13M3     INST MEIO BECO UM FIM REDE URB;UN;0.0
13M3DT;13M3DT    INST MEIO BECO UM FIM REDE URB;UN;0.0
13M4;13M4     INST MEIO BECO 2 FINS REDE URB;UN;0.0
13M4DT;13M4DT    INST MEIO BECO 2 FINS REDE URB;UN;0.0
13N1;13N1     INST NORMAL PINO SIMPLES URB.1;UN;0.0
13N1/F-1;13N1/F-1 INST 13N1 SEM ISOLADORES;UN;0.0
13N1DT;13N1DT     INST NORMAL PINO SIMPLES DT;UN;0.0
13N2;13N2     RET  NORMAL PINO DUPLO URB.13,;UN;0.0
13N2/F-1;13N2/F-1 INST 13N2 SEM ISOLADORES;UN;0.0
13N3;13N3     INST NORMAL UM FIM REDE URB. 1;UN;0.0
13N3DT;13N3DT   INST NORMAL UM FIM REDE URB. 1;UN;0.0
13N4;13N4     INST NORMAL 2 FINS REDE URB.13;UN;0.0
13N4DT;13N4DT    INST NORMAL 2 FINS REDE URB.13;UN;0.0
34B1;34B1     INST BECO PINO SIMPLES URB. 34;UN;0.0
34B1/F-1;34B1/F-1 INST 34B1 SEM ISOLADORES;UN;0.0
34B1DT;34B1DT    INST BECO PINO SIMPLES URB. 34;UN;0.0
34B2;34B2     INST BECO PINO DUPLO URBANO 34;UN;0.0
34B2/F-1;34B2/F-1 INST 34B2 SEM ISOLADORES;UN;0.0
34B3;34B3     INST BECO UM FIM REDE URB. 34,;UN;0.0
34B3DT;34B3DT    INST BECO UM FIM REDE URB. 34,;UN;0.0
34B4;34B4     INST BECO 2 FINS REDE URB. 34,;UN;0.0
34B4DT;34B4DT    INST BECO 2 FINS REDE URB. 34,;UN;0.0
34CE1ADT;34CE1ADT  INST RD.AE.COMP.C/BR.ANT.BAL.3;UN;0.0
34CE2DT;34CE2DT   INST RD.AER.COMPAC.P/DEFLEX.DA;UN;0.0
34CE3DT;34CEDT    INST RD.AER.COMPACTA P/FIM DE;UN;0.0
34CE4DT;34CE4DT   INST RD.AE.COMPAC.P/DEFLEXAO E;UN;0.0
34M1;34M1     INST MEIO BEC.PINO SIMPLES URB;UN;0.0
34M1/F-1;34M1/F-1 INST 34M1 SEM ISOLADORES;UN;0.0
34M1DT;34M1DT    INST MEIO BEC.PINO SIMPLES URB;UN;0.0
34M2;34M2     INST MEIO BECO PINO DUPLO URB.;UN;0.0
34M2/F-1;34M2/F-1 INST 34M2 SEM ISOLADORES;UN;0.0
34M3;34M3     INST MEIO BECO UM FIM REDE URB;UN;0.0
34M3DT;34M3DT    INST MEIO BECO UM FIM REDE URB;UN;0.0
34M4;34M4     INST MEIO BECO 2 FINS REDE URB;UN;0.0
34M4DT;34M4DT    INST MEIO BECO 2 FINS REDE URB;UN;0.0
34N1;34N1     INST NORMAL PINO SIMPLES URB.3;UN;0.0
34N1/F-1;34N1/F-1 INST 34N1 SEM ISOLADORES;UN;0.0
34N1DT;34N1DT    INST NORMAL PINO SIMPLES URB.3;UN;0.0
34N2;34N2     INST NORMAL PINO DUPLO URB.34,;UN;0.0
34N2/F-1;34N2/F-1 INST 34N2 SEM ISOLADORES;UN;0.0
34N3;34N3     INST NORMAL UM FIM REDE URB. 3;UN;0.0
34N3DT;34N3DT    INST NORMAL UM FIM REDE URB. 3;UN;0.0
34N4;34N4     INST NOR. DOIS FIM REDE URB. 3;UN;0.0
34N4DT;34N4DT    INST NOR. DOIS FIM REDE URB. 3;UN;0.0
BDIB1DTA;BDIB1DTA INST R INV BLIND DUP ALIN RETO;UN;0.0
BDIB3DTA;BDIB3DTA INST R INV BLIND DUP FIM RD AFA;UN;0.0
BDIB4DTA;BDIB4DTA INST R INV BLIND DUP ANC DUP AF;UN;0.0
BDINVB1A;BDINVB1A INST R. INVERT BLIND DUPLA AL R;UN;0.0
BDINVB3A;BDINVB3A INST R INVERT DUPLA BLIND FIM D;UN;0.0
BDINVB4A;BDINVB4A INST R INVERT BLIND DUP BT E DU;UN;0.0
BRBT-1;BRBT-1 INST ESTR BLIND BT ALINHAMEN RETO;UN;0.0
BRBT-1AR;BRBT-1AR INST EST BLIND BT COMP ALIN RET;UN;0.0
BRBT-2;BRBT-2 INST EST BLIND BT PEQUEN ÂNGULOS;UN;0.0
BRBT-2A;BRBT-2A INST EST BLIND COMP BT PEQ ÂNG;UN;0.0
BRBT-3;BRBT-3 INST ESTR BLIND BT FINAL DE LINHA;UN;0.0
BRBT-3FL;BRBT-3FL INST EST BLIND BT COMP FIN LINH;UN;0.0
BRBT-4AD;BRBT-4AD INST EST BLIND BT COMP ANC DUPL;UN;0.0
BRBTM3FL;BRBTM3FL INST EST COMP BLIND FINAL REDE;UN;0.0
BRBTS-3;BRBTS-3 INST ESTR BLIND BT FIM DE LINHA;UN;0.0
BRBTS-4;BRBTS-4 INST ESTR BLIND BT DP ANCORAGEM;UN;0.0
BRI1/0;BRI1/0 INST ESTR BLIND INFERIOR CABO 1/0;UN;0.0
BRI397;BRI397 INST ESTR BLIND INFERIOR CABO 397;UN;0.0
BRIB1DTA;BRIB1DTA INST R. INV. ALINHAM. RETO. AFA;UN;0.0
BRIB3DTA;BRIB3DTA INST R. INV. FIM RD BT. AFA MT;UN;0.0
BRIB4DTA;BRIB4DTA INST R. INV. D. ANCOR BT. AFA M;UN;0.0
BRINM3DT;BRINM3DT INST ESTR BLIND RD BT/FIM RED D;UN;0.0
BRINM4DT;BRINM4DT INST ESTR BLIND RD BT/ANCOR DUP;UN;0.0
BRINVB1A;BRINVB1A INST R. INVERT BT ALIN. RETO C/;UN;0.0
BRINVB3A;BRINVB3A INST R. INVERT DERIV. RD COM AF;UN;0.0
BRINVB4A;BRINVB4A INST R. INVERT BT DUP. ANCOR C/;UN;0.0
BRINVBT1;BRINVBT1 INST R. INVERT P/ BLINDAGEM DE;UN;0.0
BRIVVBT1;BRIVVBT1 INST RD INV VERT BLIN BT AL RET;UN;0.0
BRIVVBT3;BRIVVBT3 INST RD INV VERT BLIN BT FIM RD;UN;0.0
BRIVVBT4;BRIVVBT4 INST RD INV VERT BLIN BT DUP AN;UN;0.0
BRIVVDER;BRIVVDER INST RD INV VERT BLIND BT DERIV;UN;0.0
BRKS1/0;BRKS1/0 INST BLIND EST C/SEC MONO RD 1/0;UN;0.0
BRKS397;BRKS397 INST BLIND EST C/SEC MONO RD 397;UN;0.0
BRS1/0;BRS1/0 INST ESTR BLIND SUPERIOR CABO 1/0;UN;0.0
BRS1/0A;BRS1/0A INST ESTR BLIND SUP CB1/0-ALTERN;UN;0.0
BRS397;BRS397 INST ESTR BLIND SUPERIOR CABO 397;UN;0.0
BRS397A;BRS397A INST ESTR BLIND SUP CB397-ALTERN;UN;0.0
BRTRAP;BRTRAP INST BLIND BUCHA BT TRAFO AP;UN;0.0
BRTRAPDT;BRTRAPDT INST BL RD BUCHAS SEC TRAFO AP;UN;0.0
BTZCDCS4;BTZCDCS4 INST BT ZER. IINST. QUATRO CSs;UN;0.0
BTZCDCS5;BTZCDCS5 INST BT ZER. IINST. CINCO CSs E;UN;0.0
BTZCS6;BTZCS6   INST BT ZERO- INST 6 CONCENT. S;UN;0.0
CACRZ;CA CRZ INST ESTRUT P/CRUZAMENTO DE REDE;UN;0.0
CADER;CA DER INST ESTRUT P/DERIVAÇÃO DE REDE;UN;0.0
CA1A;CA1A INST EST REDE COMPAC C/SECUND ATE 6;UN;0.0
CA2;CA2 INST EST RD COMP C/SECUN DE 6° A 15°;UN;0.0
CA3;CA3 INST EST RD COMPAC C/SECUND - FINAL;UN;0.0
CA4;CA4 INST ESTR RD COMP C/SECUND ANC DUPLA;UN;0.0
CA95LID;CA95LID BT ZERO- INST LIDE 95 ARM TR. AP;UN;0.0
CIA95BTZ;CIA95BTZ INST BT ZER. IINST LIDE TR. AP;UN;0.0
E-MBN-B1;E-MBN-B1 RET ESTR ALIN RETO AFAST MT;UN;0.0
E-MBN-B2;E-MBN-B2 RET ESTR PEQ ANG AFAST MT;UN;0.0
E-MBN-B3;E-MBN-B3 RET ESTR FINAL LINHA AFAST MT;UN;0.0
E-MBN-B4;E-MBN-B4 RET ESTR ANG MUD BIT AFAST MT;UN;0.0
E-MBN-M1;E-MBN-M1 RET ESTR ALINHAMENTO RETO;UN;0.0
E-MBN-M2;E-MBN-M2 RET ESTR PEQUENOS ANGULOS;UN;0.0
E-MBN-M3;E-MBN-M3 RET  ESTR FINAL DE LINHA;UN;0.0
E-MBN-M4;E-MBN-M4 RET ESTR ÂNGULOS OU MUD BITOLA;UN;0.0
E-MBNB1E;E-MBN-B1E RET ESTR ALIN RET AFAST ESTEND;UN;0.0
E-MBNB2E;E-MBN-B2E RET ESTR PEQ ANG AFAST ESTEND;UN;0.0
E-MBNB3E;E-MBN-B3E RET ESTR FIN LIN AFAST EST MT;UN;0.0
E-MBNB4E;E-MBN-B4E RET ESTR ANG MUD BIT AFAST EST;UN;0.0
EMBNM-B1;EMBNM-B1 RET ESTR ALIN RETO AFAST MT;UN;0.0
EMBNM-B2;EMBNM-B2 RET ESTR PEQ ANG AFAST MT;UN;0.0
EMBNM-B3;EMBNM-B3 RET ESTR FINAL LINHA AFAST MT;UN;0.0
EMBNM-B4;EMBNM-B4 RET ESTR ANG MUD BIT AFAST MT;UN;0.0
EMBNM-M1;EMBNM-M1 RET ESTR ALINHAMENTO RETO;UN;0.0
EMBNM-M2;EMBNM-M2 RET ESTR PEQUENOS ANGULOS;UN;0.0
EMBNM-M3;EMBNM-M3 RET  ESTR FINAL DE LINHA;UN;0.0
EMBNM-M4;EMBNM-M4 RET ESTR ÂNGULOS OU MUD BITOLA;UN;0.0
EMBNM3M3;E-MBN-M3M3 INST ESTR PARA GRANDES ANGULO;UN;0.0
EMBNMB1E;EMBNMB1E RET ESTR ALIN RET AFAST ESTEND;UN;0.0
EMBNMB2E;EMBNMB2E RET ESTR PEQ ANG AFAST ESTEND;UN;0.0
EMBNMB3E;EMBNMB3E RET ESTR FIN LIN AFAST EST MT;UN;0.0
EMBNMB4E;EMBNMB4E RET ESTR ANG MUD BIT AFAST EST;UN;0.0
INNCS1DT;INNCS1DT INST ESTR DERIV/MEDIÇ RAMAL LIG;UN;0.0
INNCS2DT;INNCS2DT INST ESTR DERIV/MEDIÇ RAMAL LIG;UN;0.0
INTAPDTA;INTAPDTA INST R. INV. INST.TRAF C/ AFAS;UN;0.0
INVMBEDT;INVMBEDT INST RD INV. INST. MED. BALANÇ;UN;0.0
INVNCS2;INVNCS2  INST R. INVERT - INST 2 CONCENT;UN;0.0
INVNCS3;INVNCS3  INST R. INVERT - INST 3 CONCENT;UN;0.0
INVNCS4;INVNCS4  INST R. INVERT - INST 4 CONCENT;UN;0.0
INVTAPDT;INVTAPDT INST REDE INV TRAFO AP POSTE DT;UN;0.0
INVTRAP;INVTRAP  INST R. INV. INSTALAÇÃO DE TRAF;UN;0.0
INVTRAPA;INVTRAPA INST R. INVERT P/ TRANSF. COM A;UN;0.0
INVTRAPB;INVTRAPB INST R. INVERT EST P/ TRAFO AUT;UN;0.0
IVVTAP;IVVTAP INST RD INV VER TRAFO AP;UN;0.0
LCRA15B;LCRA15B  INST LIG.SUBT.AO AEREO 15KV- B;UN;0.0
LCRA15M;LCRA15M  INST LIG.SUBT.AO AEREO 15KV- M;UN;0.0
LCRA15N;LCRA15N  INST LIG.SUBT.AO AEREO 15KV- N;UN;0.0
LCRA35B;LCRA35B  INST LIG.SUBT.AO AEREO 35 KV-B;UN;0.0
LCRA35M;LCRA35M  INST LIG.SUBT.AO AEREO 35 KV-M;UN;0.0
LCRA35N;LCRA35N  INST LIG.SUBT.AO AEREO 35 KV-N;UN;0.0
LCRY15B;LCRY15B  INST LIG. SUB. AEREO/RAY BECO;UN;0.0
LCRY15M;LCRY15M  INST LIG.SUB.AEREO/RAY M.BECO;UN;0.0
LCSRY15N;LCSRY15N INST LIG.SUBT.AEREO/RAY.NORM.1;UN;0.0
MBNM-B1;MBNM-B1 INST ESTR ALIN RETO EM BECO;UN;0.0
MBNM-B1A;MBNM-B1A RET EST ALIN RETO AFAST RED MT;UN;0.0
MBNM-B2;MBNM-B2 INST EST PEQ ANGULOS EM BECO;UN;0.0
MBNM-B2A;MBNM-B2A INST EST PEQ ANG AFAST RED MT;UN;0.0
MBNM-B3;MBNM-B3 INST ESTR FINAL DE LINHA EM BECO;UN;0.0
MBNM-B3A;MBNM-B3A INST EST FIM REDE AFAST REDE MT;UN;0.0
MBNM-B3E;MBNM-B3E INST EST FIM DE RD C/AFAST EST;UN;0.0
MBNM-B4;MBNM-B4 INST ESTR ANG OU MUD BITOLA BECO;UN;0.0
MBNM-B4A;MBNM-B4A INST EST DUPLA ANC AFAST RED MT;UN;0.0
MBNM-B4E;MBNM-B4E INST EST DUPLA ANCOR AFAST EST;UN;0.0
MBNM-DBT;MBNM-DBT INST ESTR ALIN RETO DER BT BECO;UN;0.0
MBNM-DER;MBNM-DER INST EST CONJUGADA PARA DERIV;UN;0.0
MBNMB3B3;MBNMB3B3 RET EST GRANDES ANG MONT P FORA;UN;0.0
MBNMB3M3;MBNMB3M3 INST EST CONJ GRANDES ÂNGULOS;UN;0.0
MBNMB4SM;MBNMB4SM INST ESTR P/ANG DERIV P/SEC;UN;0.0
MBNMBLDM;MBNMBLDM RET ESTR BLINDAGEM REDE SECUND;UN;0.0
MBNMDDBT;MBNMDDBT INST EST DERIV DIRETA PARA BT;UN;0.0
MBNMDOBT;MBNMDOBT INST EST DERIV OPOSTA PARA BT;UN;0.0
MBNMM3M3;MBNMM3M3 INST ESTR GRANDES ANGULOS;UN;0.0
MBNMRCSN;MBNMRCSN INST EST TRAN MBNM/RCSN DERIV;UN;0.0
N1/S-GLV;N1/S-GLV INST TRAN.AE.CONV.P/RD.SUBT.GLV;UN;0.0
PB/TR;PB/TR    INST TRAFO CONV. RD PRÉ REUNI.;UN;0.0
SA;SA INST ESTRUT PARA REDE SECUNDARIA E IP;UN;0.0
SAI;SAI INST EST REDE SEC E IP S/REDE COMPAC;UN;0.0
TAPB75SR;TAPB75SR INST BT ZER. IINST TRAFO AP SEM;UN;0.0
TAPCDMSR;TAPCDMSR INST ESTR TRAFO AP E CDM S/REDE;UN;0.0
13-R/2N;13-R/2N  INST MONT. C/ 2 TRAFOS (TIPO B;UN;0.0
13TAPSR;13TAPSR  INST TRAFO AP SEM REDE SECUNDAR;UN;0.0
13TASRDT;13TASRDT  INST EST CX BD TRAP POSTE DT;UN;0.0
13TR/B10;13TR/B10 INST MON.TR.BECO CH.FUS.10KA C;UN;0.0
13TR/B8;13TR/B8  INST MONT. TR. CH. FUS. 8KA C/;UN;0.0
13TR/N10;13TR/N10 INST MONT. TR.N.CH.FUS.10KA C/;UN;0.0
13TR/N8;13TR/N8  INST MONT. TR.N. CH.FUS. 8KA C;UN;0.0
13TRAP/N;13TRAP/N INST MONT.C/TRAFO NOR PRIM. 13;UN;0.0
13TRS/B8;13TRS/B8 INST MONT.TR.BECO CH.FUS.8KA S;UN;0.0
13TRS/N8;13TRS/N8 INST MONT. TR.N. CH.FUS. 8KA S;UN;0.0
13TRSR;13TRSR INST TRAFO CONV SEM REDE SECUND;UN;0.0
13TRSRDT;13TRSRDT  INST EST CX BD TR CV PDT;UN;0.0
13TS/N10;13TS/N10 RET  MONT.TN.C/PROT.SEC.CF10KA;UN;0.0
13TS/N8;13TS/N8  RET  MONT.TN.C/PROT.SEC.CF-8KA;UN;0.0
13TSS/N8;13TSS/N8 RET  MONT.TN.C/PROT.SEC.CF-8KA;UN;0.0
CA2TRAP;CA2 TRAP INST ESTR RD COMP C/SECUND E AP;UN;0.0
CATRCONV;CATRCONV INS RD COMPAC C/BT E TRAFO CONV;UN;0.0
EMBNM1TR;E-MBN-M1-TR RET ESTR TRAFO;UN;0.0
MBNMM1TT;MBNMM1TT INST ESTR TRAFO CONV E MED TOT;UN;0.0
MBNMTR;MBNMTR INST EST TRAFO DISTRIB TRIFASICO;UN;0.0
MBNMTRAP;MBNMTRAP INST TRANSFORMADOR AUTOPROTEGID;UN;0.0
SA45APB;SA45APB INST INST EST TRAFO 45 AP BLIND;UN;0.0
SA75APB;SA75APB INST EST TRAFO 75 AP BLIND SEC I;UN;0.0
SATRABDT;SATRABDT INST EST TR AP BL POSTE DT;UN;0.0
SATRAPB;SATRAPB INST ESTRUT TRAFO AP BLIND SEC I;UN;0.0
TAP45SR;TAP45SR INST TRAFO AP E CDM SEM BT;UN;0.0
TAP75SR;TAP75SR INST TRAFO AP E CDM SEM BT;UN;0.0
TAPD2SF;TAPD2SF RET EST.P/TRAF.DIST.AP EM PARAL.;UN;0.0
TR2APN;TR2APN   RET  MON. 2TR.AP 112.5KVA N. C;UN;0.0
TR2APSN;TR2APSN  RET  MONT. 2TR. AP112.5KVA N S;UN;0.0
TRAPSN;TRAPSN   RET  MONTAGEM TRAF.AP NORMAL S;UN;0.0
TRB-F1;TRB-F1   INST 13B2 SEM ISOL.P/MONT.BEC.;UN;0.0
TRBAN10;TRBAN10  INST MONT.C/BANCO TRAFOS CH.FU;UN;0.0
TRBAN8;TRBAN8   INST MONT.C/BANCO TRAFOS CH.FU;UN;0.0
TRCSP112;TRCSP112 RET  TRAFO CSP-112,5 KVA URB.1;UN;0.0
TRN/F2;TRN/F2 RET. SUPORTE P/MONTAGEM TR. POST;UN;0.0
TRSB10;TRSB10   INST MON.TR.BECO CH.FUS.10KA S;UN;0.0
TRSMC;TRSMC INST MONT.TR.SIS.MED.CENTR. 13,8/2;UN;0.0
TRSN10;TRSN10   INST MONT. TR.N. CH.FUS.10KA S;UN;0.0
TSSN10;TSSN10   INST MONT.TN.C/PROT.SEC.CF10KA;UN;0.0
13B4CFR;13B4CFR INST EST CONJ CH FUS REL EM BECO;UN;0.0
13FA/B;13FA/B   INST CHAVE FACA LONGO RED.MONT;UN;0.0
13FA/BDT;13FA/BDT   INST CHAV FACA LONGO RED.MONT;UN;0.0
13FA/DER;13FA/DER INST CHAVE FACA EM DERIVACAO N;UN;0.0
13FA/M;13FA/M   INST CHAVE FACA LONGO RED.MEIO;UN;0.0
13FA/MDT;13FA/MDT   INST CHAV FACA LONGO RED.MONT;UN;0.0
13FA/N;13FA/N   INST CHAVE FACA LONGO REDE MON;UN;0.0
13FA/NDT;13FA/NDT   INST CHAV FACA LONGO RED.MONT;UN;0.0
13N1/FU;13N1/FU- INST.CH.FUSÍVEL C/ESTRUT.NORMAL;UN;0.0
13NSMDER;13NSMDER INST SEC MONO COM BY PASS;UN;0.0
15CECFR;15CECFR - INST. CH FUS. RELIGADORA C/ANC;UN;0.0
15CEDCFR;15CEDCFR INST EST. P/CE DERIV. CH FUS.RE;UN;0.0
34CEDSU;34CEDSU INST ESTR CH SECC DERV 34,5kV;UN;0.0
34FA/B;34FA/B   INST CHAVE FACA BECO URB. 34,5;UN;0.0
34FA/BDT;34FA/BDT   INST CHAVE FACA BECO URB. 34,;UN;0.0
34FA/DER;34FA/DER INST CHAVE FACA DERIVACAO NORM;UN;0.0
34FA/MDT;34FA/MDT   INST CHAVE FACA BECO URB. 34,;UN;0.0
34FA/N;34FA/N   INST CHAVE FACA NORMAL URB.34,;UN;0.0
34FA/NDT;34FA/BDT   INST CHAVE FACA BECO URB. 34,;UN;0.0
ALDUTI;ALDUTI   RET  CHAVE OPER/CARGA ALDUTI 3;UN;0.0
CACHV3;CA CHV3 INST EST CHAVE TRIPOL C/ BRAÇO J;UN;0.0
CAFA;CA FA INST ESTRUT P/CHAVE DE FACA;UN;0.0
CAFU;CAFU INST ESTR CHAVE FUSÍVEL C/ BRAÇO J;UN;0.0
CAPR;CA PR INST ESTRUT P/PÁRA RAIOS;UN;0.0
CTAC/I;CTAC/I   RET  CHAVE T.A. CARGA TIPO I-1;UN;0.0
CTAC/II;CTAC/II  RET  CHAVE T.A.C. TIPO II-34.5;UN;0.0
CTAC/III;CTAC/III RET  CHAVE T.A.C. TIPO III-34.;UN;0.0
CTAC/IV1;CTAC/IV1 RET  CHAVE T.O.C. TIPO IV-1-13;UN;0.0
CTAC/IV2;CTAC/IV2 RET  CHAVE T.O.C. TIPO IV-2-34;UN;0.0
E-PA01;E-PA01 INST E.SUPER/CONTR RD CH.3F NULEC;UN;0.0
EMBNM-KS;EMBNM-KS INST ESTR PARA CHAVE DE FACA;UN;0.0
FA/TP-B;FA/TP-B  RET  CHAVE FACA TERM. PORCEL.;UN;0.0
FA/TP-M;FA/TP-M  RET  CHAVE FACA TERM. PORCEL.;UN;0.0
FA/TP-N;FA/TP-N  RET  CHAVE FACA C/TERM.PORCEL.;UN;0.0
FA/TT-B;FA/TT-B  RET  CHAVE FACA C/TERM.TERMOC.;UN;0.0
FA/TT-M;FA/TT-M  RET  CHAVE FACA C/TERM.TERMOC.;UN;0.0
FA/TT-N;FA/TT-N  RET  CHAVE FACA C/TERM. TERMOC;UN;0.0
FU/DER10;FU/DER10 INST MONT.EM DERIVACAO C/CH.FU;UN;0.0
FU/N10;FU/N10   INST MONT.NOR.LONGO REDE CH.FU;UN;0.0
TRBCPS;TRBCPS   INST MONT.BECO C.F.P.RAIO(10KA;UN;0.0
TRBCPZ;TRBCPZ   INST MONT.BECO C.F.P.RAIO(10KA;UN;0.0
TRBCPZ2F;TRBCPZ2F INST MONT.BECO C.F.P.RAIOS(10K;UN;0.0
TRNCPS;TRNCPS   INST MONT.NORM.C.F.P.RAIO(10KA;UN;0.0
TRNCPS2F;TRNCPS2F INST MONT.NORM. C.F.P.RAIO(10K;UN;0.0
TRNCPZ;TRNCPZ   INST MONT.NORM.C.F.P.RAIO(10KA;UN;0.0
TRNCPZ2F;TRNCPZ2F INST MONT.NORM. C.F.P.RAIO(10K;UN;0.0
13B4CFRS;13B4CFRS INS EST CONJ CH FUS REL BY PASS;UN;0.0
13B4CFS;13B4CFS INST EST P/CHAVE FUS COM BY PASS;UN;0.0
13B4CFSU;13B4CFSU INST ESTR CHAVE FUS C/ BY PASS;UN;0.0
13B4RCPR;13B4RCPR INST ESTR RELIG CHAVE SEC CONVE;UN;0.0
13B4RCVT;13B4RCVT INST ESTR RELIG.SEC CONV.   CVT;UN;0.0
13B4RLN;13B4RLN INST EST RELIG C/ SECCION NOJA;UN;0.0
13B4RSLB;13B4RSLB INST RELI CH FACA LB CONV 13 KV;UN;0.0
13BC/N;13BC/N   INST BANCO CAPACITORES FIXO 13;UN;0.0
13CEJRS;13CEJRS INST ESTR. P RELIG C. BRACO AFAS;UN;0.0
13CERCPR;13CERCPR INST ESTR RELIG COOPER SEC COMP;UN;0.0
13CERSLB;13CERSLB INST RELI CH FACA LB COMP 13 KV;UN;0.0
13CMKSCV;13CMKSCV INST ESTR P/ CJ MED COM KS;UN;0.0
13CMKSRC;13CMKSRD INST ESTR P/ CJ MED COM KS;UN;0.0
13R;13R      RET  RELIG.(EXCETO KF) URB. 13;UN;0.0
13R-F2;13R-F2   INST FERRAGEM P/RELIGADOR EXCE;UN;0.0
13R/KF;13R/KF   RET  RELIGADOR TIPO KF URB.13,;UN;0.0
13R/KF-E;13R/KF-E RET  RELIGADOR TIPO KFE URB.13;UN;0.0
13R/KFME;13R/KFME INST RELIGADOR KFME URB. 15KV/;UN;0.0
13REG-F2;13REG-F2 INST FERRAGEM FIXACAO ACO P/BAN;UN;0.0
13RG-32D;13RG-32D INST EST.REGUL.TENSÃO 32D 13,8;UN;0.0
13RG/AB;13RG/AB  RET  REGULADOR AUTO-BOOSTER UR;UN;0.0
13S;13S      INST SECCIONALIZADOR URBANO 13;UN;0.0
13S-F2;13S-F2   INST FERRAGEM P/SECCINALIZADOR;UN;0.0
13S/TER;13S/TER  RET  SEC.C/TERMINAIS SUBT.URB.;UN;0.0
13SECMB;13SECMB INST EST SEC MONO COM BY PASS;UN;0.0
34B4RL;34B4RL INST RELIG 34,5KV CONV CHAVE FACA;UN;0.0
34R;34R      RET  RELIGADORES WV E RV URB.3;UN;0.0
34R-F;34R-F    INST FERRAGEM P/RELIGADOR 34,5;UN;0.0
CAS;CA S INST ESTRUTURA PARA SECCIONALIZADOR;UN;0.0
CITG13;CITG13 INST EST.P/CH.INTER.TRIP.SF6 13K;UN;0.0
CITG34;CITG34 INST EST.P/CH.INT.TRIP.SF6 34.5K;UN;0.0
CITG34-1;CITG34-1 INST CH.INT.À GÁS-SOULÉ-34,5KV;UN;0.0
CM-CN/CN;CM-CN/CN RET  ESTRUT. P/CONJ.MED.TRIF.1;UN;0.0
CM-CN/PR;CM-CN/PR RET  ESTRUT. P/CONJ.MED.TRIF.1;UN;0.0
CM-MT-MX;CM-MT-MX INST CONJ MED COMP ENTR E SAID;UN;0.0
CM2ASCHC;CM2ASCHC INST EST.P/CONJ.MED.FATURAMENTO;UN;0.0
CM2ASCHP;CM2ASCHP INST EST.P/CONJ.MED.FATURAMENTO;UN;0.0
CM2CECNF;CM2CECNF INST.EST.CONJ.MED.FAT.E.E.;UN;0.0
CM2CECSF;CM2CECSF INST EST.CONJ.MED.FAT.E.E.;UN;0.0
CM2CNCNF;CM2CNCNF INST.EST.CONJ.MED.FAT. E.E.;UN;0.0
CM2CNCSF;CM2CNCSF INST EST.CONJ.MED.FAT.E.E.;UN;0.0
E-PA02;E-PA02 INST E.SUPER/CONTR REDE REL NULEC;UN;0.0
E-PA03;E-PA03 INST E.SUP.CONTROL.RD.C/REL.NULEC;UN;0.0
E-PA04;E-PA04 INST E.SUP.CONTROL.RD.C/REL.NUL.;UN;0.0
E-PAUE1;E-PAUE1 RET SUP/CONTR RD REL NULEC U27;UN;0.0
E-RU27ST;E-RU27ST-INST RELIG U-27 C/SECC.TOTAL;UN;0.0
R/KF-F2;R/KF-F2  RET  FERRAGEM P/RELIGADOR KF 1;UN;0.0
13INBRDT;13INBRDT INST ESTR FIM REDE BLIND BT P/;UN;0.0
13INV3BR;13INV3BR INST ESTR CONVERS. FIM REDE BLI;UN;0.0
A-58/02;A-58/02 INST CDR 4 TRI OU 8 MONO;UN;0.0
A-58/1;A-58/01 INST CDR 9 TRI OU 18 MONO;UN;0.0
BRBT-4;BRBT-4 INST ESTR BLIND BT ANCOR DUPLA;UN;0.0
BRDCBT;BRDCBT INST ESTR BLIND BT DER C/CRUZAMEN;UN;0.0
BRDDBT;BRDDBT INST ESTR BLIND BT DERIV DIRETA;UN;0.0
BRINM1DT;BRINM1DT INST ESTR BLINDAG BT EM POSTE D;UN;0.0
BRINVBT3;BRINVBT3 INST ESTR BLINDAG BT EM ALINHAM;UN;0.0
BRINVBT4;BRINVBT4 INST ESTR BLINDAG BT COM DUPLA;UN;0.0
BRTCBT;BRTCBT INST ESTR TRANS BT CRUZ ENT REDES;UN;0.0
BRTDBT;BRTDBT INST ESTR TRANS DIRETA PARA BT;UN;0.0
BRTDBT3;BRTDBT3 INST ESTR TRANS DIR FINAL LINHA;UN;0.0
BTZC24DT;BTZC24DT INST CX DE BLIND. 24 MED P DT;UN;0.0
BTZC48DT;BTZC48DT INST CX DE BLIND. 48 MED POS DT;UN;0.0
BTZC96DT;BTZC96DT INST CX DE BLIND. 96 MED POS DT;UN;0.0
BTZCB24;BTZCB24  INST CX DE BLIND. 24 MEDIDORES;UN;0.0
BTZCB48;BTZCB48  INST CX DE BLIND. 48 MEDIDORES;UN;0.0
BTZCB96;BTZCB96  INST CX DE BLIND. 96 MEDIDORES;UN;0.0
BTZCDCS6;BTZCDCS6 INST DE SEIS CONENTR SECUND EM;UN;0.0
BTZCDCS8;BTZCDCS8 INST DE OITO CONCENTR SECUNDÁRI;UN;0.0
BTZCI2DT;BTZCI2DT INST CX DE BLIND. MED I 200A DT;UN;0.0
BTZCI4DT;BTZCI4DT INST CX DE BLIND. MED I 400A DT;UN;0.0
BTZCMI2;BTZCMI2  INST CX DE BLIND. MED IND 200A;UN;0.0
BTZCMI4;BTZCMI4  INST CX DE BLIND. MED IND 400A;UN;0.0
BTZCS2;BTZCS2 INST DOIS CONCENT SECUNDÁRIOS;UN;0.0
BTZCS3;BTZCS3 INST TRES CONCENT SECUNDÁRIOS;UN;0.0
BTZCS4;BTZCS4 INST QUATRO CONCENT SECUNDÁRIOS;UN;0.0
BTZCS5;BTZCS5 INST CINCO CONCENT SECUNDÁRIOS;UN;0.0
CDM200A;CDM200A INST CX DER MOD 200A;UN;0.0
CDM400A;CDM400A INST CX DER MOD 400A;UN;0.0
CDMAR-3;CDMAR-3 INST CX DER MOD FINAL DE LINHA;UN;0.0
CDMAR-4;CDMAR-4 INST CX DER MOD DUPLA ANCORAGEM;UN;0.0
CDMAR-4D;CDMAR-4D INST CX DER MOD DUPLA ANC E DER;UN;0.0
E-MBN-S;E-MBN-S INST ESTR REDE SECUNDÁRIA;UN;0.0
E-MBNM-S;E-MBNM-S INST ESTR REDE SECUNDÁRIA;UN;0.0
F-3;F-3 INST ARMAÇÃO SECUND 1 ESTRIBO;UN;0.0
INBCS1DT;INBCS1DT INST ESTR BECO 1 CS POSTE DT;UN;0.0
INBCS2DT;INBCS2DT INST ESTR DERIV/MEDIÇ RAMAL LI;UN;0.0
INVBCS2;INVBCS2  INST REDE INVERT BECO DOIS CONC;UN;0.0
MBNM-CS1;MBNM-CS1 INST UM CONCENTRADOR SECUNDÁRIO;UN;0.0
MBNM-CS2;MBNM-CS2 INST DOIS CONCENTR SECUNDÁRIOS;UN;0.0
MBNM-IP;MBNM-IP INST ESTR P/REDE ILUMIN PÚBLICA;UN;0.0
MBNM-S;MBNM-S INST ESTR PARA REDE SECUNDARIA;UN;0.0
S/1E;S/1E     INST ARMACAO SECUNDARIA 1 ESTR;UN;0.0
S/2E;S/2E     INST ARMACAO SECUNDARIA 2 ESTR;UN;0.0
S1;S1       INST ALINH.RETO ANG.ATE 70:SEC;UN;0.0
S3;S3       INST FIM RD.E/OU ANG.ATE 70:SE;UN;0.0
S3.SI3;S3.SI3 INST TRANS RD AER CONV/MULT ISOL;UN;0.0
S4;S4       RET  2FINS REDE E/OU DERIV.SEC;UN;0.0
SA3200DT;SA3200DT INST EST FIM SE IS ARM POSTE DT;UN;0.0
SA3400DT;SA3400DT INST EST FIM SE IS ARM POSTE DT;UN;0.0
SA4200DT;SA4200DT INST ANCOR DU 200A SEC I A P DT;UN;0.0
SA4400DT;SA4400DT INST ANCOR DU 400A SEC I A P DT;UN;0.0
SA45ABDT;SA45ABDT INST EST TRAF 45 AP BL SEC P DT;UN;0.0
SA75ABDT;SA75ABDT INST EST TRAF 75 AP BL SEC P DT;UN;0.0
SI1;SI1 INST ALINHAMENTO RETO ANG ATÉ 50°;UN;0.0
SI1-CDR;SI1-CDR INST ESTR RAMAL AÉR MTX C/CX CDR;UN;0.0
SI1-RSU;SI1-RSU INST REDE AÉR MULT C/RAMAL SUBT;UN;0.0
SI1DT;SI1DT INST ALINHAM RETO ANG ATÉ 50° DT;UN;0.0
SI3;SI3 INST FIM DE REDE ANCORAGEM SIMPLES;UN;0.0
SI3.SI3;SI3.SI3 INST DEFLEXÕES MAIORES QUE 50°;UN;0.0
SI3DT;SI3DT INST FIM DE REDE ANCOR SIMPLES DT;UN;0.0
SI4;SI4 INST 2 FINS DE REDE ANCORAGEM DUPLA;UN;0.0
SI4DT;SI4DT INST 2 FINS DE RD ANCOR DUPLA DT;UN;0.0
SIA3-200;SIA3-200 INST ANCOR FIM 200A SEC IS AR;UN;0.0
SIA3-400;SIA3-400 INST ANCOR FIM 400A SEC IS AR;UN;0.0
SIA4-200;SIA4-200 INST ANCOR DUPLA 200A SEC IS AR;UN;0.0
SIA4-3;SIA4-3 INST DERIVACAO SEC ISOL ARMADO;UN;0.0
SIA4-3DT;SIA4-3DT INST EST DERIV SEC ISO ARM P DT;UN;0.0
SIA4-400;SIA4-400 INST ANCOR DUPLA 400A SEC IS AR;UN;0.0
SIACS;SIACS - INST EST CONCENTRA P MEDICAO SEC;UN;0.0
SIACSDT;SIACSDT  INST EST CONC MED SEC P DT;UN;0.0
SIV-1;SIV-1 RET EST VILA ALIN RETO ANG ATÉ 50;UN;0.0
SIV-3;SIV-3 RET EST VILA FIM RD ANCOR SIMPLES;UN;0.0
SIV-4;SIV-4 RET EST VILA 2 FINS RD ANCOR DUPL;UN;0.0
SIV1;SIV1 INST EST VILA ALIN RETO ANG ATÉ 40;UN;0.0
SIV1-3;SIV1-3 RET EST DERIVAÇÃO EM VILA;UN;0.0
SIV1-AF;SIV1-AF INST EST VILA ALIN RT C SUP AFAS;UN;0.0
SIV1-R;SIV1-R RET EST VILA INTERLIG REDE RAMAL;UN;0.0
SIV1A;SIV1A INST EST VILA ALIN RT C SUP AFAST;UN;0.0
SIV1R;SIV1R INST EST VILA INTERLIG REDE RAMAL;UN;0.0
SIV3;SIV3 INST EST VILA FIM RD ANCOR SIMPLES;UN;0.0
SIV3-1;SIV3-1 INST EST DERIVAÇÃO EM VILA;UN;0.0
SIV3-3;SIV3-3 INST EST VILA DEFL MAIORES 40°;UN;0.0
SIV3SIV3;SIV3SIV3 RET EST VILA DEFL MAIORES 50°;UN;0.0
SIV4;SIV4 INST EST VILA 2 FINS RD ANCOR DUPL;UN;0.0
SM-1AF;SM-1AF INST AFAST.RD.-SEC.MULT.ISOLADO;UN;0.0
SM2;SM2      RET  DEFLEXOES MAIORES QUE 50;UN;0.0
13A;13A      RET  FERRAG.1 LIN.TRIA.POSTE C;UN;0.0
13B;13B      RET  FERRAG.2 LIN.TRIA.POSTE C;UN;0.0
13C;13C      RET  FERRAG.1 LIN.TRIANG.POSTE;UN;0.0
13D;13D      RET  FERRAG.2 LIN.TRIANG.POSTE;UN;0.0
13E;13E      RET  FERRAG.2 LIN.HORI.POSTE C;UN;0.0
13E-29;13E-29   RET  PARA-RAIO EM CRUZETA DE F;UN;0.0
13EE;13EE     RET  FER.DUPL.2 LIN.HOR.POST.C;UN;0.0
13F;13F      RET  FERRAG.1 LIN.HORIZ. POSTE;UN;0.0
13H;13H      RET  FERRAG.1 LIN.HORI.POSTE C;UN;0.0
25/2Q-7;25/2Q-7  RET  FERRAG.COM 2 CRUZETAS NUM;UN;0.0
25A;25A      RET  FERRAG.1 LIN.TRIA.POSTE C;UN;0.0
25AA3;25AA3    RET  FERRAG.DUPLA 1 LIN.TRIANG;UN;0.0
25AA4;25AA4    RET  FER.DUPLA 3CH.FA.1 LN.TRI;UN;0.0
25AA5;25AA5    RET  FER.DUPLA TERMIN.1 LN.TRI;UN;0.0
25AA6;25AA6    RET  FER.DUPL.1 LN.TRI.POSTE C;UN;0.0
25AA7;25AA7    RET  FER.DUPLA 1 LN.TRI.P.C.DE;UN;0.0
25B;25B      RET  FERRAG.2 LIN.TRIA.POSTE C;UN;0.0
25B/F-1;25B/F-1  RET  FERRAG.25KV C/BRACADEIRA;UN;0.0
25B/F-2;25B/F-2  RET  FERRAG.25KV C/BRACADEIRA;UN;0.0
25BB/3;25BB/3   RET  FER.DUPLA 2 LIN.TRI. P. C;UN;0.0
25BB/4;25BB/4   RET  FER.DUPLA 6CH.FA.2LN.TRI.;UN;0.0
25BB3;25BB3    RET  FER.DUPLA 2 LIN.TRI.POS.C;UN;0.0
25BB4;25BB4    RET  FER.DUPLA 6CH.FA.2 LN.TRI;UN;0.0
25C;25C      RET  FERRAG. 1 LIN.TRIAN.POSTE;UN;0.0
25CC/3;25CC/3   RET  FER.DUPLA 1 LN.TRIA.POSTE;UN;0.0
25CC4;25CC4    RET  FER.DUPLA 3CH.FA. 1 LIN.P;UN;0.0
25D;25D      RET  FERRAG. 2 LIN.TRIAN.POSTE;UN;0.0
25DD/3;25DD/3   RET  FER.DUPLA 2LIN.TRI. P. LA;UN;0.0
25DD3;25DD3    RET  FERRAG. 2 LIN.TRIAN.POSTE;UN;0.0
25E;25E      RET  FERRAG.2 LIN.HORI.POSTE C;UN;0.0
25EE/6;25EE/6   RET  FER.DUPLA 2 LIN.HORI.P.CE;UN;0.0
25EE/7;25EE/7   RET  FER.DUPLA DERIV.2LIN.HORI;UN;0.0
25EE3;25EE3    RET  FER.DUPLA 2 LIN.HORI.P.CE;UN;0.0
25EE4;25EE4    RET  FER.DUPLA 6CH.FA.2LN.HORI;UN;0.0
25EE5;25EE5    RET  FER.DUPLA TERMI.2LIN.HORI;UN;0.0
25T;25T      RET  FER.2LIN.TRIAN-P.CENTRO-P;UN;0.0
P-4-4BT;P-4-4BT  RET  FERRAGEM P/BT:BRACAD.P-4-;UN;0.0
P-4-4FT;P-4-4FT  RET  FERRAGEM P/BT:BRAC.P-4-4F;UN;0.0
P-6-4BT;P-6-4BT  RET  FERRAGEM P/BT:P-6-4BT;UN;0.0
P-6-4FT;P-6-4FT  RET  FERRAGEM P/BT:BRACAD.P-6-;UN;0.0
P44CH8BT;P44CH8BT RET  FERRAGEM P/BT:BRAC.P-4-4C;UN;0.0
P44FT4BT;P44FT4BT RET  FERRAGEM P/BT:P-4-4FT-4BT;UN;0.0
P48CH4BT;P48CH4BT RET  FERRAGEM P/BT:BRAC.P-4-8C;UN;0.0
P64CH8BT;P64CH8BT RET  FERRAGEM P/BT:BRAC.P-6-4C;UN;0.0
P64FT4BT;P64FT4BT RET  FERRAGEM P/BT:BRAC.P-6-4F;UN;0.0
P68CH4BT;P68CH4BT RET  FERRAGEM P/BT:BRAC.P-6-8C;UN;0.0
Q2-4BT;Q2-4BT   RET  FERRAGEM P/BT:Q2-4BT;UN;0.0
Q2-4FT;Q2-4FT   RET  FERRAGEM P/BT Q2-4FT;UN;0.0
Q24CH8BT;Q24CH8BT RET  FERRAGEM P/BT:Q2-4CH-8BT;UN;0.0
Q24FT4BT;Q24FT4BT RET  FERRAGEM P/BT Q2-4FT-4BT;UN;0.0
Q28CH4BT;Q28CH4BT RET  FERRAGEM P/BT:Q2-8CH-SEP-;UN;0.0
Q3-4BT;Q3-4BT   RET  FERRAGEM P/BT:Q3-4BT;UN;0.0
Q3-4FT;Q3-4FT   RET  FERRAGEM P/BT:Q3-4FT;UN;0.0
Q34CH8BT;Q34CH8BT RET  FERRAGEM P/BT:Q3-4CH-SEP-;UN;0.0
Q34FT4BT;Q34FT4BT RET  FERRAGEM P/BT Q3-4FT-4BT;UN;0.0
Q38CH4BT;Q38CH4BT RET  FERRAGEM P/BT Q3-8CH-SEP-;UN;0.0
Q4-4BT;Q4-4BT   RET  FERRAGEM P/BT Q4-4BT;UN;0.0
Q44FT4BT;Q44FT4BT RET  FERRAGEM P/BT:Q4-4FT-4BT;UN;0.0
Q48CH4BT;Q48CH4BT RET  FERRAGEM P/BT Q4-8CH-4BT;UN;0.0
Q7/11862;Q7/11862 RET  CRUZETA Q7 C/CHAPA DES. 1;UN;0.0
C8-3X1.5;C8-3X1.5 INST CABO COBRE PVC 3X1.5MM2;UN;0.0
IM-125/2;IM-125/2 INST CONJ. 2 LUMIN. V.MERCURIO;UN;0.0
IM-250/2;IM-250/2 INST CONJ.2 LUMIN. V.MERCURIO;UN;0.0
IM-250/4;IM-250/4 INST CONJ.4 LUMI. V.MERCURIO 2;UN;0.0
IM-400/2;IM-400/2 INST CONJ.2 LUMIN. V.MERCURIO;UN;0.0
IM-400/4;IM-400/4 INST CONJ.4 LUMI. V.MERCURIO 4;UN;0.0
IM-80/2;IM-80/2  INST CONJ. 2 LUMIN. V.MERCURIO;UN;0.0
IPC1;IPC1     RET  CONJ.C1 SIMPLES:INCAND./M;UN;0.0
IPC1/2;IPC1/2   RET  CONJ.C1 DUPLO:INCAND./MIS;UN;0.0
IPC2;IPC2     RET  CONJ.C2 SIMPLES:INCAND./M;UN;0.0
IPS;IPS      RET  CONJUNTO S :INCAND./MISTA;UN;0.0
IPVM-125;IPVM-125 INST CONJ.1 LUMIN. VAPOR MERCU;UN;0.0
IPVM-250;IPVM-250 INST CONJ.1 LUMIN. V.MERCURIO;UN;0.0
IPVM-400;IPVM-400 INST CONJ.1 LUMIN. V.MERCURIO;UN;0.0
IPVM-80;IPVM-80  INST CONJ.1 LUMIN. VAPOR MERCU;UN;0.0
IPVS-50;IPVS-50  INST CONJ.1 LUMIN. VAPOR SODIO;UN;0.0
IPVSF/1;IPVSF/1  INST CONJ.1LUMIN.V.SODIO 250W/;UN;0.0
IPVSF/2;IPVSF/2  INST CONJ.2LUMIN.V.SODIO 250W/;UN;0.0
IPVSF/4;IPVSF/4  INST CONJ.4LUMIN.V.SODIO 250W/;UN;0.0
IS-50/2;IS-50/2  INST CONJ.2 LUMIN. VAPOR SODIO;UN;0.0
F/P6;F/P6     RET  SECCIONAMENTO RD.C/DERIV.;UN;0.0
F/TR1;F/TR1    RET  TRANSFORMADOR FINAL REDE;UN;0.0
F/TR2;F/TR2    RET  TRANSFORM.C/CABO PASSANTE;UN;0.0
F/P1;F/P1     RET  DERIV.RD.URB.C/CH.FACA FA;UN;0.0
F/P2;F/P2     RET  DERIV.RD.URB.C/CH.FUSIV.F;UN;0.0
F/P4;F/P4     RET  SECCIONAMENTO RD.C/CH.FU.;UN;0.0
F/P5;F/P5     RET  SECCIONAMENTO RD.C/CH.FA.;UN;0.0
F/S2;F/S2     RET  CABO PASSANTE-SECUN. FAVE;UN;0.0
F/S3;F/S3     RET  FIM DE REDE SECUNDARIO FA;UN;0.0
F/S4;F/S4     RET  2 FINS DE REDE SECUN. FAV;UN;0.0
C7/1/034;C7/1/034 RET  CABO NU COBRE 1/0 AWG;UN;0.0
C7/2/034;C7/2/034 RET  CABO NU COBRE 2/0 AWG;UN;0.0
C7/25034;C7/25034 RET  CABO NU COBRE 250 MCM;UN;0.0
C-3/2-13;C-3/2-13 RET  CABO NU CA 2 AWG;UN;0.0
C-7/2-13;C-7/2-13 RET  CABO NU COBRE 2 AWG;UN;0.0
C3/3/013;C3/3/013 RET  CABO NU CA 3/0 AWG;UN;0.0
C7/1/013;C7/1/013 RET  CABO NU COBRE 1/0 AWG;UN;0.0
C7/2/013;C7/2/013 RET  CABO NU COBRE 2/0 AWG;UN;0.0
C7/25013;C7/25013 RET  CABO NU COBRE 250 MCM;UN;0.0
C7/F613;C7/F613  RET  FIO CU NU N.6 AWG MEIO-DU;UN;0.0
C7/F813;C7/F813  RET  FIO DE CU NU 8 AWG MEIO D;UN;0.0
C-3/2-BT;C-3/2-BT RET  CABO NU CA 2 AWG;UN;0.0
C-7/2-BT;C-7/2-BT RET  CABO NU COBRE 2 AWG;UN;0.0
C-8/2-BT;C-8/2-BT RET  CABO PVC COBRE 2 AWG;UN;0.0
C133/0BT;C133/0BT RET  CABO CA 3/0 AWG-PVC(WPP);UN;0.0
C3/3/0BT;C3/3/0BT RET  CABO NU CA 3/0 AWG;UN;0.0
C7/1/0BT;C7/1/0BT RET  CABO NU COBRE 1/0 AWG;UN;0.0
C7/2/0BT;C7/2/0BT RET  CABO NU COBRE 2/0 AWG;UN;0.0
C7/250BT;C7/250BT RET  CABO NU COBRE 250 MCM;UN;0.0
C7/F4BT;C7/F4BT  RET  FIO NU COBRE 16MM2 (N.4 A;UN;0.0
C7/F6BT;C7/F6BT  RET  FIO NU COBRE N.6 AWG;UN;0.0
C8/1/0BT;C8/1/0BT RET  CABO PVC COBRE 1/0 AWG;UN;0.0
C8/2/0BT;C8/2/0BT RET  CABO PVC COBRE 2/0 AWG;UN;0.0
C8/250BT;C8/250BT RET  CABO PVC COBRE 250 MCM;UN;0.0
C8/500BT;C8/500BT RET  CABO PVC COBRE 500 MCM;UN;0.0
C8/F4BT;C8/F4BT  RET  FIO PVC COBRE N.4 AWG;UN;0.0
C8/F6BT;C8/F6BT  RET  FIO PVC COBRE N.6 AWG;UN;0.0
T1/13;T1/13    INST PINO SIMPLES TRIF.RURAL 1;UN;0.0
T2/13;T2/13    INST PINO DUPLO TRIF.RURAL 13.;UN;0.0
T3/13;T3/13    INST FIM DE REDE TRIF.RURAL 13;UN;0.0
T4/13;T4/13    INST 2 FINS REDE TRIF. RURAL 1;UN;0.0
TD/FRT;TD/FRT   INST MONT.C/TRAF.FIM REDE RURA;UN;0.0
13FA/RT;13FA/RT  INST CHAVE FACA A/C RURAL TRIF;UN;0.0
13S/RT;13S/RT   RET  SEC.TRIFASICO RURAL 13.8;UN;0.0
R/KF-RT;R/KF-RT  RET  RELIG. KF.TRIF. RURAL 13.;UN;0.0
RGAB-RT;RGAB-RT  RET  REG.AUTO-BOOSTER RURAL TR;UN;0.0
U1/FN;U1/FN    INST PINO SIMPLES (F-N) 7,62 K;UN;0.0
U3/FN;U3/FN    INST UM FIM DE REDE (F-N) 7,62;UN;0.0
U4/FN;U4/FN    INST DOIS FINS REDE (F-N) 7,62;UN;0.0
PR/FN;PR/FN    INST P.RAIOS TRAF. LONG RD F-N;UN;0.0
TD/FN;TD/FN    INST MON TRAF DIST LONG RD F-N;UN;0.0
TDF/FN;TDF/FN   INST MON TRAFO DIST FIM RD F-N;UN;0.0
TI/FN;TI/FN    INST MONT TRAFO ISOLAMENTO F-N;UN;0.0
TI/P-FN;TI/P-FN  INST MON TRAF ISOL PARALELO F-;UN;0.0
7U4CFR;"7U4CFR INST EST RD MONO;CH FUSIV RELIG A";UN;0.0
7U4DCFR;"7U4DCFR INST EST RD MONO;CH FUS RELIG DR";UN;0.0
FA/FN;FA/FN    INST MONT CH FACA LONGO RD F-N;UN;0.0
FADER/FN;FADER/FN INST MON CH FACA DERIVACAO F-N;UN;0.0
R-S3;R-S3     INST FIM RD.E/OU ANG.ATE 70:SE;UN;0.0
34E1;34E1     RET  ESTRUTURA TIPO E1 SPJ;UN;0.0
34E2;34E2     RET  ESTRUTURA TIPO E2 SPJ;UN;0.0
34E3;34E3     RET  ESTRUTURA TIPO E3 SPJ;UN;0.0
34E4;34E4     RET  ESTRUTURA TIPO E4 SPJ;UN;0.0
34S1;34S1     RET  ESTRUTURA TIPO S1 SPJ-04;UN;0.0
34S2;34S2     RET  ESTRUTURA TIPO S2  SPJ;UN;0.0
34T1;34T1     RET  ESTRUTURA TIPO T1 SPJ;UN;0.0
34T2;34T2     RET  ESTRUTURA TIPO T2 SPJ;UN;0.0
34T3;34T3     RET  ESTRUTURA TIPO T3 SPJ;UN;0.0
ESPJ-II;ESPJ-II  RET  ESTAI-ATERRAMENTO/SPJ-TIP;UN;0.0
ESPJ-IV;ESPJ-IV  RET  ESTAI-ATERRAMENTO/SPJ-TIP;UN;0.0
ESPJ-IX;ESPJ-IX  RET  ESTAI-ATERRAMENTO/SPJ-TIP;UN;0.0
PB/RA;PB/RA INST ALIN.ANG. ATÉ 45° RD.PRÉ-REU;UN;0.0
PB/RA-A;PB/RA-A INST.ALIN.ÂNG. ATÉ 45° PRÉ-REUN;UN;0.0
PB/RA34;PB/RA34 INST ALIN.ANG. ATÉ 17° RD.MULT;UN;0.0
PB/RAA34;PB/RAA34 INST.ALIN.ÂNG. ATÉ 17° MULT;UN;0.0
PB/RAG;PB/RAG INST ÂNG.SUPERIORES 80° PRÉ-REUN;UN;0.0
PB/RAG34;PB/RAG34 INST ÂNG.SUPERIORES 34° MULT;UN;0.0
PB/RAP;PB/RAP INST ÂNG.DE 45° A 80° PRÉ-REUNID;UN;0.0
PB/RAP-A;PB/RAP-A INST.ÂNG. DE 45° A 80° PRÉ-REU;UN;0.0
PB/RAP34;PB/RAP34 INST ÂNG.DE 17° A 34° MULT;UN;0.0
PB/RF;PB/RF INST FIM DE RD.PRÉ-REU.C/BLINDAGE;UN;0.0
PB/RF34;PB/RF34 INST FIM DE RD.MULT.C/BLINDAGE;UN;0.0
PB/TAP34;PB/TAP34 INST TRANS.RD.CONV.P/MULT/BL;UN;0.0
PB/TCP34;PB/TCP34 INST TRANS.RD.COMP.P/MULT.C/BL;UN;0.0
PBRAPA34;PBRAPA34 INST.ÂNG. DE 17° A 34° MULT;UN;0.0
PRE/3;PRE/3    RET  ALINHAMENTOS E ANGULOS AT;UN;0.0
PRE/4;PRE/4    RET  ANGULOS DE 10 A 45:;UN;0.0
PRE/5A;PRE/5A   RET  ANG. SUPERIORES A 45: MON;UN;0.0
PRE/6A;"PRE/6A   RET  FINAL DE REDE: MONTAGEM """;UN;0.0
PB/2TRPP;PB/2TRPP INST TRAFO AP LIGADO PARALELO;UN;0.0
PB/TRPF;PB/TRPF INST TRAFO AP FINAL DE REDE;UN;0.0
PB/TRPFD;PB/TRPFD INST TR.AP C/DESC.-FIM DE REDE;UN;0.0
PB/TRPP;PB/TRPP INST TRAFO AP REDE PASSANTE;UN;0.0
PB/TRPPD;PB/TRPPD INST TR.AP C/DESC.-RD.PASSANTE;UN;0.0
PRE/TR1;PRE/TR1  RET  TRANSFORMADOR DE DISTRIBU;UN;0.0
PRE/TR2;PRE/TR2  RET  TRAFO DIST.MONT.CAB.TOPO;UN;0.0
PRE/TR3;PRE/TR3  RET  TR.DIST.MONT.TOP.POST.C/C;UN;0.0
PRE/TR4;PRE/TR4  RET  TRAFO DISTRIB.- FINAL DE;UN;0.0
PRE/TRAP;PRE/TRAP RET TR.DIST. AP P/RD. PRÉ-REUN;UN;0.0
PRETRBAN;PRETRBAN INST PARA BANCO DE TRANSFORMAD;UN;0.0
PB/CHFLR;PB/CHFRL INST ESTR CH SECC PRE REUNI;UN;0.0
PRE/1;PRE/1    RET  TRANS.RD.AE.CONV.P/RD.PRE;UN;0.0
PRE/10;PRE/10   RET  DERIV.RD.SUBT. C/CHAVE BY;UN;0.0
PRE/2;PRE/2    RET  TRANS.RD.SUB.P/RD.PRE-REU;UN;0.0
PRE/7;PRE/7    RET  DERIV.RAMAL PRE-REU.RD.AE;UN;0.0
PRE/8;PRE/8    RET  DER.RAMAL PRE-REU.CAB.PRE;UN;0.0
PRE/9;PRE/9    RET  DERIVACAO P/ REDE SUBTERR;UN;0.0
PRE/FA;PRE/FA   RET  SECCIONAMENTO C/ CHAVE DE;UN;0.0
PRE/R;PRE/R    RET  RELIGADOR (EXCETO KF);UN;0.0
PRE/S;PRE/S    RET  SECCIONALIZADOR;UN;0.0
PRERKF;PRERKF   RET  RELIGADOR TIPO KF;UN;0.0
A-15/03;A-15/03  INST FITA AUTO-AGLOMERANTE;UN;0.0
CAL/95;CAL/95   INST CABO DE ALUMINIO 12/20KV-;UN;0.0
CSC15/50;CSC15/50 RET  CABO DE COBRE 12/20KV - 5;UN;0.0
O-41/50A;O-41/50A AINST TER.DES.COT. 200A-50MM-AL;UN;0.0
O-41/50C;O-41/50C INST TERM.DESC.COTOVELO 200A-5;UN;0.0
O-41/95C;O-41/95C INST TERM.DESC.COTOVELO 200A-9;UN;0.0
PB/TAP;PB/TAP INST TRANS.RD.CONV.P/PRÉ-RE.C/BL;UN;0.0
PB/TAPF;PB/TAPF INST TRANS.RD.CONV.P/PRÉ-REUN.;UN;0.0
PB/TCP;PB/TCP INST TRANS.RD.COMP.P/PRÉ-RE.C/BL;UN;0.0
PB/TCPF;PB/TCPF INST TRANS.RD.COMP.P/PRÉ-REUNID;UN;0.0
PB/TPS;PB/TPS INST TRANS.PRÉ-REU C/BLIN P/R.SUB;UN;0.0
PB/TPSE;PB/TPSE INST TRANSI.PRÉ P/SUBT.C/EMENDA;UN;0.0
PB/TPSG1;PB/TPSG1 INST TRANSI.PRÉ P/SUBT.C/CH.GAS;UN;0.0
PB/DPA;PB/DPA INST DER.PRÉ-RE.C/BLIND.P/CONV.;UN;0.0
PB/DPAF;PB/DPAF INST DERIV.PRÉ P/CONV.C/CH.FACA;UN;0.0
PB/DPC;PB/DPC INST DER.PRÉ-RE.C/BLIND.P/R.COMP;UN;0.0
PB/DPCF;PB/DPCF INST DERIV.PRÉ P/COMP.C/CH.FACA;UN;0.0
PB/DPP;PB/DPP INST DERIV.PRÉ-REUNIDO P/PRÉ-REUN;UN;0.0
PB/DPPD;PB/DPPD INST DER.TCO./RAM.PRÉ-REUN.50mm;UN;0.0
PB/DPPG1;INST DERIVAÇÃO C/CHAVE A GÁS;UN;0.0
PB/DPPS1;PB/DPPS1 INST SUP RA MT CABO MTX 50 MM²;UN;0.0
PB/DPPS2;PB/DPPS2 INST SUP RA MT CABO MTX 185 MM²;UN;0.0
PB/DPS;PB/DPS INST DERIVAÇÃO PRÉ-REUNIDO.P/SUBT;UN;0.0
PB/DPSG1;PB/DPSG1 INST DERIV.PRÉ P/SUBT.C/CH.GAS;UN;0.0
PB/SPG1;PB/SPG1 INST SECC. TRONCO C/CHAVE A GÁS;UN;0.0
E/PA;E/PA     INST EGASTAMENTO ESPECIAL P/PA;UN;0.0
EB/R;EB/R     INST ENGASTAMENTO C/BASE REFOR;UN;0.0
EBC;EBC      INST ENGASTAMENTO DE POSTE CON;UN;0.0
EBC/M;EBC/M    INST ENGASTAMENTO DE POSTE MAD;UN;0.0
AP;AP       INST ATERRAMENTO DE PORTEIRAS;UN;0.0
AT-1;AT-1     INST ATERRAMENTO TIPO 1;UN;0.0
AT-2;AT-2     INST ATERRAMENTO TIPO 2;UN;0.0
AT-3;AT-3     INST ATERRAMENTO TIPO 3;UN;0.0
AT-3/BZ;AT-3/BZ     INST ATERRAMENTO TIPO 3;UN;0.0
AT-4;AT-4     INST ATERRAMENTO TIPO 4;UN;0.0
AT-5;AT-5     INST ATERRAMENTO TIPO 5;UN;0.0
AT-A;AT-A     RET  ATERRAMENTO DE EQUIPAMENT;UN;0.0
AT-B;AT-B     RET  ATERRAMENTO DE TRAFO FAVE;UN;0.0
AT-C;AT-C     RET  ATERR.NEUTRO BT/TERM.-PRE;UN;0.0
AT-D;AT-D     RET  ATERRAMENTO TERMINAIS-FAV;UN;0.0
AT-E;AT-E     RET  ATER.TRAFOS ISOLAM/DITRIB;UN;0.0
SAC;SAC      INST SECCIONAMENTO/ATERRAM CER;UN;0.0
EC/C;EC/C     INST ESTAI CRUZETA A CRUZETA U;UN;0.0
EC/P;EC/P     INST ESTAI CRUZETA A POSTE URB;UN;0.0
EP/A;EP/A     INST ESTAI POSTE ANCORA RURAL;UN;0.0
EP/CP;EP/CP    INST ESTAI POSTE/CONTRA-POSTE;UN;0.0
EP/P;EP/P     INST ESTAI POSTE A POSTE URBAN;UN;0.0
B5-7;B5-7     RET  CABINE BIFAS PTE CIA FIO;UN;0.0
B6-10;B6-10    RET  CABINE BIFAS PTE CIA FIO;UN;0.0
B6-9/7;B6-9/7   RET  CABINE BIFAS PTE 7M FIO 1;UN;0.0
B7-11/4;B7-11/4  RET  CABINE BIFAS PTE 4.3M FIO;UN;0.0
B7-12/7;B7-12/7  RET  CABINE BIFAS PTE 7M FIO 2;UN;0.0
B7-13;B7-13    RET  CABINE BIFAS PTE CIA FIO;UN;0.0
M5-1/4;M5-1/4   RET  CABINE MONO POST 4,30M FI;UN;0.0
M5-2/7;M5-2/7   RET  CABINE MONO POSTE 7M FIO;UN;0.0
M6-3/4;M6-3/4   RET  CABINE MONO POST 4,3M FIO;UN;0.0
M6-4/7;M6-4/7   RET  CABINE MONO POSTE 7M FIO;UN;0.0
A-22/M;A-22/M   RET  CALHA DE MADEIRA;UN;0.0
ACR/P;ACR/P    INST ACEIRO P/ POSTE (1,5M RAI;UN;0.0
C-8/M;C-8/M    INST FIO DO BRACO - M.O.AEREO;UN;0.0
CM-C/M;CM-C/M   INST CAPITEL P/ CONJ. DE MEDIC;UN;0.0
CRU-CE13;CRU-CE13 INST CRUZETA MAD C/ENCAB. 13,8;UN;0.0
CRU-CE34;CRU-CE34 RET  CRUZETA MAD C/ENCAB. 34,5;UN;0.0
CRU-SE13;CRU-SE13 RET  CRUZETA MAD S/ENCAB. 13,8;UN;0.0
CRU-SE34;CRU-SE34 RET  CRUZETA MAD S/ENCAB. 34,5;UN;0.0
D-30/M;D-30/M   RET  DISJUNTOR TERMOMAGNETICO;UN;0.0
E-1/M;E-1/M    INST BASE PARA RELE FOTOELETRI;UN;0.0
E-22/MC;E-22/MC  INST LAMPADA - BRACO CURTO;UN;0.0
E-22/ML;E-22/ML  INST LAMPADA - BRACO LONGO;UN;0.0
E-25/MC;E-25/MC  INST BRACO CURTO PARA LUMINARI;UN;0.0
E-25/ML;E-25/ML  INST BRACO LONGO PARA LUMINARI;UN;0.0
E-26/M;E-26/M   INST LUMINARIA;UN;0.0
E-26/MC;E-26/MC  INST LUMINARIA(BRACO CURTO)M.O;UN;0.0
E-26/ML;E-26/ML  INST LUMINARIA(BRACO LONGO)M.O;UN;0.0
E-29/BT;E-29/BT INST PARA-RAIO DE BT 280 V;UN;0.0
E-29/M;E-29/M   INST PARA-RAIO VALVULA 15KV 5K;UN;0.0
E-29/M-1;E-29/M-1 INST PARA-RAIO VALVULA 27KV 5K;UN;0.0
E-29/M-2;E-29/M-2 INST PARA-RAIO 12KV RURAL;UN;0.0
E-32/M;E-32/M   INST REATOR;UN;0.0
E-39/M;E-39/M   INST RELE FOTOEL- BRACO CURTO;UN;0.0
E-39/M-1;E-39/M-1 INST RELE FOTOEL- BRACO LONGO;UN;0.0
F-10/M;F-10/M   INST CINTAS - M.O. AEREO;UN;0.0
F-19/M;F-19/M   INST MÃO FRANCESA PERF.TIPO II;UN;0.0
F-19/M-1;F-19/M-1 INST MÃO FRANC. PERF.TIPO I;UN;0.0
F-19/M-2;F-19/M-2 INST MÃO FRANCESA PERF.TIPO III;UN;0.0
F-19/M-3;F-19/M-3 INST MÃO FRANCESA PERF PAS CABO;UN;0.0
F-19M-4;F-19M-4 INST MÃO FRANCESA PERF C PAS CAB;UN;0.0
F-20/M;F-20/M   INST MAO FRANCESA PLANA 32X6,3;UN;0.0
F-20/M-1;F-20/M-1 INST MAO FRANCESA PLANA 32X6,3;UN;0.0
I-2/M-2;I-2/M-2  INST ISOLADOR PINO 34,5KV;UN;0.0
I-2/M-3;I-2/M-3  RET  ISOLADOR PINO 7,96KV;UN;0.0
I-3/P;I-3/M INST ISOLAD ROLDANA POLIMERICO;UN;0.0
I-4/M;I-4/M    INST ISOL. DISCO PORC./VIDRO 1;UN;0.0
I-4/M-2;I-4/M-2  INST ISOLADOR DISCO 34.5KV;UN;0.0
I-4/M-3;I-4/M-3  INST ISOL. DISCO PORC 254X146M;UN;0.0
I-4/M-4;I-4/M-4  INST ISOL. DISCO VIDRO 34,5 KV;UN;0.0
I-5/13;I-5/13 INSTALAÇÃO ISOLADOR PILAR 13,8 KV;UN;0.0
I-5/34;I-5/34 INSTALAÇÃO ISOLADOR PILAR 34,5 KV;UN;0.0
PA/BC;PA/BC    RET  PODA BAMBUZAL C/ REC. P/;UN;0.0
PA/BS;PA/BS    RET  PODA BAMBUZAL S/ REC. P/;UN;0.0
PA/CR;PA/CR    RET  PODA DE ARVORE C/ RECOLHI;UN;0.0
PA/OC;PA/OC    RET  PODA ARV ORNAMENT.S/ RECO;UN;0.0
PA/SR;PA/SR    RET  PODA DE ARVORE S/ RECOLHI;UN;0.0
PPF/M;PPF/M    RET  PINTURA DE POSTE DE FERRO;UN;0.0
PPG/AD;PPG/AD   RET  PAPAGAIO P/KM - ALTA DENS;UN;0.0
PPG/BD;PPG/BD   RET  PAPAGAIO P/KM -BAIXA DENS;UN;0.0
PPG/MD;PPG/MD   RET  PAPAGAIO P/KM -MEDIA DENS;UN;0.0
RNP/M;RNP/M    RET  M.O. RENUMERAR POSTES;UN;0.0
SIPRTR;SIPRTR INST PARA-RAIO DE BT NO TRAFO;UN;0.0
13CE1;13CE1    RET  RD.AE.COMPAC.P/VAOS TANGE;UN;0.0
13CE1-FA;13CE1-FA RET  RD.AE.COMPAC.P/INST.CHAVE;UN;0.0
13CE1-PR;13CE1-PR RET  RD.AE.COMPAC.P/INST.PARA-;UN;0.0
13CE1-TR;13CE1-TR RET  RD.AE.COMPAC.P/INST.DE TR;UN;0.0
13CE1A;13CE1A INST RD AE COMP BRAÇO ANTI VÃO TG;UN;0.0
13CE1DT;13CE1DT INST RD.COMPAC.P/VÃOS TANG. DT;UN;0.0
13CE2;13CE2    INST RD.AE.COMPAC.P/DEFLEXAO R;UN;0.0
13CE2.3;13CE2.3 INST EST CONJUG DERIV COM DEFLEX;UN;0.0
13CE2CE3;13CE2CE3 INST RD AE COMP DERIV LADO OPOS;UN;0.0
13CE2DT;13CE2DT  INST RD.COMPAC.P/DEFLEXÃO DT;UN;0.0
13CE2JPR;13CE2JPR INST. DE PARA-RAIOS;UN;0.0
13CE2JT;13CE2JT INST TRANSF CONV C BRAÇO HOR JOT;UN;0.0
13CE2JT2;13CE2JT2 INST TRAFO CONV PARALEL BR JOTA;UN;0.0
13CE2JTA;13CE2JTA INST TRANSF AP COM  BRAÇO JOTA;UN;0.0
13CE3;13CE3    INST RD.AE.COMPACTA PARA FIM R;UN;0.0
13CE3CE3;13CE3CE3 INST EST DERIV DOIS FINS D REDE;UN;0.0
13CE3DT;13CE3DT INST RD.AE.COMPACTA P/ FIM R DT;UN;0.0
13CE3FAT;13CE3FAT INST ESTR. TRANS. AEREO SUBTER;UN;0.0
13CE3PR;13CE3PR INST. DE PÁRA-RAIOS;UN;0.0
13CE3T;13CE3T INST TRANSF CONV EM FIM DE REDE;UN;0.0
13CE3TA;13CE3TA INST. TRAFO AUTOPROTEGIDO;UN;0.0
13CE4;13CE4    INST RD.AE.COMPAC.P/DEFLEXAO E;UN;0.0
13CE4CE3;13CE4CE3 INST EST FIM DE REDE E DEFLEXÃO;UN;0.0
13CE4JC3;13CE4JC3 INST.CH INTERRUPTORA TRIPOLAR;UN;0.0
13CE4JR;13CE4JR INST.RELIG C/BRAÇO AFASTADOR;UN;0.0
13CE4JS;13CE4JS INST.SECCIONALIZADOR C/BRAÇO;UN;0.0
13CECFSU;13CECFSU INST ESTR CHAVE FUS C/ BY PASS;UN;0.0
13CEJCF;13CEJCF INST. CH. FUSIVEL DEFLEXAO ESP;UN;0.0
13CEJSCF;13CEJSCF INST ESTR P/ SEC MONO ELETRONIC;UN;0.0
13CEJSCM;13CEJSCM INST. ESTR. P/SEC MONO  BY PASS;UN;0.0
13CEJSU;13CEJSU INST. CH. SECCIONADORA UNIPOLAR;UN;0.0
13CEN3PR;13CEN3PR INST EST TRANS RD CONV P/COMPAC;UN;0.0
13CEN3SU;13CEN3SU INST EST TRANS RD CONV P/COMPAC;UN;0.0
13CERCVT;13CERCVT INST EST RELIG SEC CONTROL CVT;UN;0.0
13CERLN;13CERLN INST EST RELIG C/ SECCION NOJA;UN;0.0
13CESDER;13CESDER INST SEC MONO COM BY PASS;UN;0.0
13N3-CE;13N3-CE  RET  RD.AE.CONV./COMPAC.S/SECC;UN;0.0
13N3S-CE;13N3S-CE RET  RD.AE.CONV./COMPAC.C/SECC;UN;0.0
34CE-CG;34CE-CG RET RD.AE.34,5KV COMPAC.P/CG SF;UN;0.0
34CE1;34CE1    INST RD.AER.COMPAC.P/VAOS TANG;UN;0.0
34CE1-PR;34CE1-PR RET RD.AER.COMP.P/INST/P.RAIOS;UN;0.0
34CE1A;34CE1A   INST RD.AE.COMP.C/BR.ANT.BAL.3;UN;0.0
34CE1CE3;34CE1CE3 RET RD.AE.COMP.P/DER.CIR.POSTE;UN;0.0
34CE2;34CE2    INST RD.AER.COMPAC.P/DEFLEX.DA;UN;0.0
34CE2.3;34CE2.3 INST. DERIVACAO CIRCUITO POSTE;UN;0.0
34CE2CE3;34CE2CE3 INST RD.AE.COMP.P/DER.CIR.POST;UN;0.0
34CE2JPR;34CE2JPR INST. PARA-RAIOS;UN;0.0
34CE3;34CE3    INST RD.AER.COMPACTA P/FIM DE;UN;0.0
34CE3CE3;34CE3CE3 INST RD.AER.COMP.DEFLEX.SUP.90°;UN;0.0
34CE3FAT;34CE3FAT INST  ESTR. TRANS. AEREO SUBTER;UN;0.0
34CE3PR;34CE3PR INST. PARA-RAIOS;UN;0.0
34CE4;34CE4    INST RD.AE.COMPAC.P/DEFLEXAO E;UN;0.0
34CE4CE3;34CE4CE3 INST. DERIVACAO DE REDE;UN;0.0
34CE4JC3;34CE4JC3 INST. CH. INTERRUPTORA TRIPOLAR;UN;0.0
34CE4JR;34CE4JR INST. RELIG. C/BRAÇO AFASTADOR;UN;0.0
34CEFA;34CEFA RET RD.AE.COMPAC.P/CH.FACA 34,5K;UN;0.0
34CEJSU;34CEJSU RET. CH SECCIONADORA UNIPOLAR;UN;0.0
34CEM4SU;34CEM4SU INST SECC UNIP LONGO RD MB 34,5;UN;0.0
34CEN3PR;34CEN3PR INST.REDE CONVENCIONAL;UN;0.0
34CEN3SU;34CEN3SU INST.REDE CONVENCIONAL;UN;0.0
34CERL;34CERL INST RELIGADOR 34,5 KV C/CH FACA;UN;0.0
34N3-CE;34N3-CE RET R.A.COMP.TRANS.P/CONV.34,5K;UN;0.0
34N3SCE;34N3SCE INST RD.COMP.P/R.CONV34,5KV C/C;UN;0.0
A-3/13;A-3/13 INST BRAÇO ANTI BALANÇO 15 KV;UN;0.0
A-3/34;A-3/34 INSTAL  BRAÇO ANTIBALANÇO 34,5 KV;UN;0.0
CE1CE3;CE1CE3   RET  RD.AE.COMPAC.P/DERIV.CIR.;UN;0.0
CE1TR/AP;CE1TR/AP RET  RD.AE.COMPAC.P/INST.TRAFO;UN;0.0
CE2CE3;CE2CE3   INST RD.AE.COMPAC.P/DERIV.CIR.;UN;0.0
F-12/RC;F-12/RC INSTALAÇÃO  ESTRIBO BRAÇO TIPO L;UN;0.0
F-6/13;F-6/13 INSTALAÇÃO  BRAÇO TIPO C 15 KV;UN;0.0
F-6/34;F-6/34 INSTALAÇÃO  BRAÇO TIPO C 34,5 KV;UN;0.0
F-7/13;F-7/13 INSTALAÇÃO  BRAÇO TIPO L 15 KV;UN;0.0
F-7/34;F-7/34 INSTALAÇÃO  BRAÇO TIPO L 34,5 KV;UN;0.0
F-9;F-9 INST.CANT. AUXILIAR  BRACO TIPO  C;UN;0.0
BR-AIF;BR-AIF   INST ANCORAMENTO RAMAL IND.FAX;UN;0.0
BR-ARF;BR-ARF   INST ANCORAMENTO DA REDE NA FA;UN;0.0
BR-ARP;BR-ARP   INST ANCORAMENTO DE REDE EM PO;UN;0.0
BR-ART;BR-ART   INST ANCORAMENTO DA REDE PONTA;UN;0.0
BR-IEF;BR-IEF   INST LIGAçãO EMBUTIDA FACHADA;UN;0.0
BR-IRR;BR-IRR   INST INTERLIG.REDE EMBUT/SOBRE;UN;0.0
BR-ISF;BR-ISF   INST LIGAçãO INDIVIDUAL FACHAD;UN;0.0
BR-LA;BR-LA    INST LIGAçãO GRUPO DE 6/12 CON;UN;0.0
BR-RAF;BR-RAF   RET  REDE APARENTE NA FACHADA;UN;0.0
BR-REF;BR-REF   INST REDE EMBUTIDA NA FACHADA;UN;0.0
BR-RSF;BR-RSF   INST REDE SOBREPOSTA NA FACHAD;UN;0.0
PBR1AHP4;PBR1AHP4 RET  MONT. POSTE 4,3M-1CX-1 ME;UN;0.0
PBR1AHP7;PBR1AHP7 RET  MONT. POSTE 7,0M-1CX-1 ME;UN;0.0
PBR1KWP4;PBR1KWP4 RET  MONT. POSTE 4,3M-1CX-1 ME;UN;0.0
PBR1KWP7;PBR1KWP7 RET  MONT. POSTE 7,0M-1CX-1 ME;UN;0.0
PBR2AHP4;PBR2AHP4 RET  MONT. POSTE 4,3M-1CX-2 ME;UN;0.0
PBR2AHP7;PBR2AHP7 RET  MONT. POSTE 7,0M-1CX-2 ME;UN;0.0
PBR2KWP4;PBR2KWP4 RET  MONT. POSTE 4,3M-2CX-2 ME;UN;0.0
PBR2KWP7;PBR2KWP7 RET  MONT. POSTE 7,0M-2CX-2 ME;UN;0.0
PBRAHF;PBRAHF   RET  MONT.FACHA.S/PONT.1CX-1ME;UN;0.0
PBRAHFP;PBRAHFP  RET  MONT.FACHA.C/PONT.1CX-1ME;UN;0.0
PBRAHFPS;PBRAHFPS RET  MONT.FACHA.C/PONT.S/AT.1C;UN;0.0
PBRAHFST;PBRAHFST RET  MONT.FACHA.S/PONT.S/AT.1C;UN;0.0
PBRKWFPS;PBRKWFPS RET  MONT.FACH.C/PONT.S/AT.1CX;UN;0.0
PBRKWFST;PBRKWFST RET  MONT.FACH.S/PONT.S/AT.1CX;UN;0.0
PBRKWHF;PBRKWHF  RET  MONT.FACHA.S/PONT.1CX-1ME;UN;0.0
PBRKWHFP;PBRKWHFP RET  MONT.FACHA.C/PONT.1CX-1ME;UN;0.0
A-12;A-12 INST. COBERT. PROTETORA P/CONECT.;UN;0.0
A-13;A-13 INST PROTETOR BUCHA EQUIPAMENTO;UN;0.0
A-14/01;A-14/01 INST DE ABARÇADEIRA PLASTICA;UN;0.0
A-15/01;A-15/01  INST FITA ANTI CORROSIVA (3M);UN;0.0
A-15/04;A-15/04 INST CONJ BLIND FLEX CB MTX BT;UN;0.0
A-15/05;A-15/05 INST CJ BLIND RIGID CB MTX BT 70;UN;0.0
A-18;A-18     INST SUPORTE DE ALCA PRE-FORMA;UN;0.0
A-30/1;A-30/1 INST SUPORTE P/TRAFO POSTE D.225;UN;0.0
A-30/2;A-30/2 INST SUPORTE P/TRAFO POSTE D.240;UN;0.0
A-30/3;A-30/3 INST SUPORTE P/TRAFO POSTE D.255;UN;0.0
A-30/4;A-30/4   INST SUPORTE TRAFO TIPO I DIA;UN;0.0
A-30/5;A-30/5   INST SUPORTE TRAFO TIPO I DIA;UN;0.0
A-30/6;A-30/6   INST SUPORTE TRAFO TIPO I DIA 3;UN;0.0
A-30/7;A-30/7   INST SUPORTE TRAFO TIPO I DIA 3;UN;0.0
A-33/11;A-33/11  INST SUPOR.BANCO TRAFO POSTE C;UN;0.0
A-33/12;A-33/12  INST SUPOR.BANCO TRAFO POSTE C;UN;0.0
A-35/13;A-35/13  INST PLACA IDENT.LINHA/EQUIP.1;UN;0.0
A-35/25;A-35/25  INST PLACA IDENT.LINHA/EQUIP.6;UN;0.0
A-40;A-40     INST BRACADEIRA DE ALUMINIO;UN;0.0
A-40/1;A-40/1 INST. ABRAÇAD.AÇO C/REVEST. POLIM;UN;0.0
A-44;A-44 INSTALAÇÃO FAIXA SINALIZAÇÃO;UN;0.0
A-46/1;A-46/1 INST CAPUZ P/CABO ISOL.400MCM/185;UN;0.0
A-49;A-49 INST MARCADORES DE RAMAIS;UN;0.0
A-54;A-54 INST SUP.ISOL.P/RD.SEC.MULT.FACHAD;UN;0.0
A-68;A-68 INSTALAÇÃO SEPARADOR REDE AÉREA;UN;0.0
A-75;A-75 INST LAMINA DESLIGADORA;UN;0.0
A-78;A-78 INSTALAÇÃO COBERTURA ANTI PIPA;UN;0.0
A-78/01;A-78/01 INST COBERT ANTI PIPA E ABRAÇAD;UN;0.0
A-81/1;"INST PRENSA-CABOS 1""";UN;0.0
C8/2X4;C8/2X4 INST CABO CONTROLE 2X4 MM²;UN;0.0
CCT;CCT      RET  CAIXA CONTROLE TRANSFEREN;UN;0.0
DISTAC-C;DISTAC-C RET  CABO DE CONTROLE PVC 4 X;UN;0.0
F-38/13;F-38/13 INSTALAR PINO CURTO P/ISOLADOR;UN;0.0
F-38/34P;F-38/34P INST PINO CURTO POL P/ISOL 34kV;UN;0.0
I-8/13;I-8/13 INSTALAR ISOLADOR PINO POLIM. 15K;UN;0.0
E-10/10K;E-10/10K INST ELO FUSIVEL, TIPO BOTAO 1;UN;0.0
E-10/10T;E-10/10T INST ELO FUSIVEL, TIPO BOTAO 1;UN;0.0
E-10/12K;E-10/12K INST ELO FUSIVEL,TIPO BOTAO 12;UN;0.0
E-10/15K;E-10/15K INST ELO FUSIVEL, TIPO BOTAO 1;UN;0.0
E-10/1H;E-10/1H  INST ELO FUSIVEL,TIPO BOTAO 1H;UN;0.0
E-10/1HP;E-10/HP INST ELO FUS ,TIPO ROSCA 1 H;UN;0.0
E-10/20K;E-10/20K INST ELO FUSIVEL, TIPO BOTAO 2;UN;0.0
E-10/25K;E-10/25K INST ELO FUSIVEL,TIPO BOTAO 25;UN;0.0
E-10/2H;E-10/2H  INST ELO FUSIVEL, TIPO BOTAO 2;UN;0.0
E-10/30K;E-10/30K INST ELO FUSIVEL, TIPO BOTAO 3;UN;0.0
E-10/30T;E-10/30T INST ELO FUSIVEL, TIPO BOTAO 30;UN;0.0
E-10/3H;E-10/3H  INST ELO FUSIVEL, TIPO BOTAO 3;UN;0.0
E-10/40K;E-10/40K INST ELO FUSIVEL, TIPO BOTAO 4;UN;0.0
E-10/50K;E-10/50K INST ELO FUSIVEL, TIPO BOTAO 5;UN;0.0
E-10/5H;E-10/5H  INST ELO FUSIVEL, TIPO BOTAO 5;UN;0.0
E-10/65T;E-10/65T INST ELO FUSIVEL, TIPO BOTAO 65;UN;0.0
E-10/6K;E-10/6K  INST ELO FUSIVEL, TIPO BOTAO 6;UN;0.0
E-10/6T;E-10/6T  INST ELO FUSIVEL, TIPO BOTAO 6;UN;0.0
E-10/80T;E-10/80T INST ELO FUSIVEL, TIPO BOTAO 80;UN;0.0
E-10/8K;E-10/8K  INST ELO FUSIVEL, TIPO BOTAO 8;UN;0.0
E10/40EF;E10/40EF INST ELO FUS ,TIPO BOTAO 40EF;UN;0.0
E10/65EF;E10/65EF INST ELO FUS ,TIPO BOTAO 65EF;UN;0.0
E10/80EF;E10/80EF INST ELO FUS ,TIPO BOTAO 805EF;UN;0.0
E10100EF;E10100EF INST ELO FUS ,TIPO BOTAO 100EF;UN;0.0
A-2;A-2 INSTALAÇÃO ARRUELA LISA QUADRADA;UN;0.0
F-1/1;F-1/1    INST AFASTADOR ARMACAO SECUNDA;UN;0.0
F-1/2;F-1/2    INST SUPORTE AFASTADOR DE ESCA;UN;0.0
F-11/PP;F-11/PP INST CONJ. PROLONGADOR DE POSTE;UN;0.0
F-12;F-12     RET  BRACELETE P/ISOLADOR SUSP;UN;0.0
F-13;F-13 INSTALAÇÃO GANCHO OLHAL;UN;0.0
F-31A;F-31A INST PARAFUSO CAB ABAULADA 70 MM;UN;0.0
F-31B;F-31B INST PARAFUSO CAB ABAULADA 150 mm;UN;0.0
F-34C;F-34C INST PARAF CAB SEXT  3/8 X 1.1/2;UN;0.0
F-34DT;F-34DT INST PINO PARA ISOL PILAR;UN;0.0
F-34PF;F-34PF RET PINO ISOLADOR PILAR FERRO;UN;0.0
F-36;F-36 RETIRADA PINO PARA ISOLADOR;UN;0.0
F-39;F-39 - INST. DE PINO PARA ISOLADOR;UN;0.0
F-39DT;INST PINO ISOL ACO ROSCA;UN;0.0
F-4/13;F-4/13 INSTALAÇÃO SUPORTE JOTA;UN;0.0
F-41;F-41 INST PROLONGADOR DE POSTE 1550MM;UN;0.0
F-45;F-45 INSTALAÇÃO SELA DE CRUZETA;UN;0.0
F-47;F-47     INST SUPORTE P/ FIX. PARA-RAIO;UN;0.0
F-6/1;F-6/1    RET  CONJ.CH. P/2 I.PINO,CANT.;UN;0.0
F-6/CD;F-6/CD   RET  CHAPA DE DERIVACAO;UN;0.0
F-70;F-70 INST SUPORTE ANGULAR P/CHAVE FACA;UN;0.0
F-81/1;F-81/1 INST SUPORTE AFAST.R.MULT.C/1250;UN;0.0
F-81/2;F-81/2 INST SUPORTE AFAST.R.MULTIP.C/850;UN;0.0
F-88/1;F-88/1 INST SUP CONCENTRADOR DE MEDIÇÃO;UN;0.0
F-89;F-89 ISTALAÇÃO SUPORTE ISOLADOR PILAR;UN;0.0
F-93;F-93 INSTALAÇÃO SUPORTE ÔMEGA;UN;0.0
F-95;F-95 INST EXTENSOR APARA BAMBU;UN;0.0
F-14/10;"F-14/10  RET  GRAMPO ""U"" N:10";UN;0.0
F-14/4;F-14/4   RET  GRAMPO U N.4;UN;0.0
F-14/5;"F-14/5   RET  GRAMPO ""U"" N:5";UN;0.0
F-14/6;"F-14/6   RET  GRAMPO ""U"" N:6";UN;0.0
F-14/7;"F-14/7   INST GRAMPO ""U"" N:7";UN;0.0
F-14/8;"F-14/8   INST GRAMPO ""U"" N:8";UN;0.0
F-14/9;"F-14/9   INST GRAMPO ""U"" N:9";UN;0.0
F-7/2;F-7/2    RET  CALCO DUPLO N 2;UN;0.0
F-7/4;F-7/4    RET  CALCO DUPLO N 4;UN;0.0
F-7/6;F-7/6    RET  CALCO DUPLO N 6;UN;0.0
A-35;A-35 INST PRENSA CABO ACO 6/8MM 8/10;UN;0.0
F-10/02;F-10/02  INST CINTA P/POSTE CIRCULAR 90;UN;0.0
F-10/03;F-10/03  INST CINTA P/POSTE CIRCULAR 12;UN;0.0
F-10/04;F-10/04  INST CINTA P/POSTE CIRCULAR 14;UN;0.0
F-10/05;F-10/05  INST CINTA P/POSTE CIRCULAR 17;UN;0.0
F-10/06;F-10/06  INST CINTA P/ POSTE CIRCULAR 2;UN;0.0
F-10/07;F-10/07  INST CINTA P/ POSTE CIRCULAR 2;UN;0.0
F-10/08;F-10/08  INST CINTA P/ POSTE CIRCULAR 2;UN;0.0
F-10/09;F-10/09  INST CINTA P/POSTE CIRCULAR 28;UN;0.0
F-10/10;F-10/10  INST CINTA P/POSTE CIRCULAR 30;UN;0.0
F-10/11;F-10/11  INST CINTA P/POSTE CIRC. DIA.;UN;0.0
F-10/12;F-10/12  INST CINTA P/POSTE CIRC. DIA.;UN;0.0
F-76;F-76 INST CINTA REGULAVEL;UN;0.0
F-76/DIS;F-76/DIS INST DISP AUX CINTA AJUSTAVEL;UN;0.0
O-48;O-48 INST.CONECTOR TERM.P/CONJ. ATRRAM.;UN;0.0
F-32/02;F-32/02  INST PARAFUSO ROSCA DUPLA 16X2;UN;0.0
F-32/03;F-32/03 INST PARAFUSO ROSCA DUPLA 16X150;UN;0.0
F-32/04;F-32/04  INST PARAFUSO ROSCA DUPLA 16X3;UN;0.0
F-32/06;F-32/06  INST PARAFUSO ROSCA DUPLA 16X4;UN;0.0
F-32/07;F-32/07  INST PARAFUSO ROSCA DUPLA 16X5;UN;0.0
F-32/08;F-32/08  INST PARAFUSO ROSCA DUPLA 16X5;UN;0.0
F-32/09;F-32/09  INST PARAFUSO ROSCA DUPLA 16X6;UN;0.0
F-44;F-44 INST PARAFUSO PARAFUSO SEX BZ-SI 1/;UN;0.0
A-5/1;A-5/1 INST BRAÇO C/GRAMPO DE SUSP P/NEUT;UN;0.0
M-1;M-1      RET  ALçA PRE P/BIPOLAR CONC.;UN;0.0
M-1/10B;M-1/10B INST CABO CONCÊNTRICO BIPOL 10MM;UN;0.0
M-1/10TE;M-1/10TE INST CABO CONCÊNTRICO TETRAPOL;UN;0.0
M-1/2;M-1/2 INST ALÇA PRE-FORMADA DISTRIB 2AWG;UN;0.0
M-1/3,09;M-1/3,09 INST ALCA PRE-FOR DIS FIO ZINC;UN;0.0
M-1/397;M-1/397 INST. ALÇA PRE-FORMADA DISTRIB;UN;0.0
M-1/4;M-1/4    INST ALCA PRE-FORM.DISTRIB.CAB;UN;0.0
M-1/4/0;M-1/4/0  INST ALCA PRE-FORMADA DISTRIB.;UN;0.0
M-1/4CAA;M-1/4CAA INST ALCA PRE-FORMADA DISTRIB;UN;0.0
M-1/5;M-1/5    INST ALCA PRE-FORM.CABO ACO 5/;UN;0.0
M-10/CU;M-10/CU  RET  GRAMPO TENSAO CU N.6-250M;UN;0.0
M-7;M-7      RET  FIO 6 PARA AMARRACAO CABO;UN;0.0
M1/1/0;M1/1/0 INST ALCA PRE-FORMADA DISTRIB;UN;0.0
M1/1/0SI;M1/1/0SI INST ALCA PRE-FORMADA DIST.1/0;UN;0.0
M1/10B;M1/10B INST ALCA PRE-FORMADA DISTRIB;UN;0.0
M1/10BAL;M1/10BAL INST ALCA PREFORMADA ACO 10MM2;UN;0.0
M1/10TAL;M1/10TAL INST ALCA PREFORMADA ACO 10MM2;UN;0.0
M1/120;M1/120 INST ALCA PRE-FORMADA DISTRIB;UN;0.0
M1/16TE;M1/16TE INST ALÇA PRE FORM CABO TETRA 16;UN;0.0
M1/16TRI;M1/16TRI INST ALCA PREF ACO 16MM2 TRIPOL;UN;0.0
M1/2;M1/2 INST ALCA PRE-FORMADA DISTRIB;UN;0.0
M1/397;M1/397 INST ALCA PRE-FORMADA DISTRIB;UN;0.0
M1/397SI;M1/397SI RET  ALCA PRE-FORM. DIST. 397,;UN;0.0
M1/4;M1/4 INST ALCA PRE-FORMADA DISTRIB;UN;0.0
M1/50;M1/50 RET ALCA PRE-FORMADA DISTRIB;UN;0.0
M1/70;M1/70 INST ALCA PRE-FORMADA DISTRIB;UN;0.0
M1/95S34;M1/95S34 INST ALCA PREF XLPE 660,0MM 95M;UN;0.0
M11/0SIC;M11/0SIC INST. ALCA PRE-FORM CABO 1/0AWG;UN;0.0
M13975IC;M13975IC INST ALCA PRE-FORM.DIST.397,5;UN;0.0
M1397PVC;M1397PVC INST ALCA PRE-FORMADA DISTRIB;UN;0.0
M1397S13;M1397S13 INST ALÇA PRE-FORM. DIST. 397,5;UN;0.0
M1397S34;M1397S34  INST ALCA PRE-FORMADA DISTRIB;UN;0.0
M1397SI3;M1397SI3 INST ALÇA PRE-FORM. DIST. 397,5;UN;0.0
M1397X34;M1397X34 INST ALCA PRE-FORM. DIST. 397,5;UN;0.0
M14S1/0B;M14S1/0B INST ALÇA PRE FORM 4-1/0 AWG;UN;0.0
M1556397;M1556397 INST ALÇA PRE FORM 556-397 MCM;UN;0.0
M2/6;M2/6 INST ALCA PRE-FORMADA DISTRIB;UN;0.0
M2/7;M2/7 INST ALCA PRE-FORMADA DISTRIB;UN;0.0
M2/9;M2/9 INST ALCA PRE-FORMADA DISTRIB;UN;0.0
M2/9-34;M2/9-34 INST ALCA PREFOR DISTRIB MULT 34;UN;0.0
M3/6;M3/6 INST ALCA PRE-FORMADA DISTRIB;UN;0.0
M6/AL-AT;M6/AL-AT INST FIO AMARRACAO P/CABO AL/A;UN;0.0
M6/AL-BT;M6/AL-BT INST FIO AMARRACAO P/CABO AL-B;UN;0.0
M6/CU-AT;M6/CU-AT INST FIO 6 CU P/AMARR. CABO CU;UN;0.0
M6/CU-BT;M6/CU-BT INST FIO 6 CU P/AMARR. CABO CU;UN;0.0
O-2/02;O-2/02   INST CONEC.PARAF.FEND.3/0-250,;UN;0.0
O-2/03;O-2/03   INST CONECTOR PARAF.FEND.8-2/0;UN;0.0
O-2/04;O-2/04   INST CONECTOR PARAF.FEND.6-1/0;UN;0.0
O-2/05;O-2/05   INST CONECTOR PARAF.FEND.F4-2,;UN;0.0
O-2/06;O-2/06   INST CONECTOR PARAF.FEND.8-F4;UN;0.0
O-2/07;O-2/07   INST CONECT.PARAF.FEND.8-F6,F1;UN;0.0
O-2/08;O-2/08   INST CONECTOR PARAF.FEND.10-8,;UN;0.0
O-2/9;O-2/9 INST CONEC PARAF FENDIDO COM RAB;UN;0.0
O-10/01;O-10/01  INST CON.PARAL.COMP.397-250,39;UN;0.0
O-10/02;O-10/02  INST CONEC.PARAL.COMP.397-250,;UN;0.0
O-10/03;O-10/03  INST CONEC.PARAL.COMP.1/0-4/0,;UN;0.0
O-10/04;O-10/04  INST CONECTOR PARAL.COMP.2-2/0;UN;0.0
O-10/05;O-10/05  INST CONECTOR PARAL.COMP.6-2,8;UN;0.0
O-10/06;O-10/06  INST CONECT.PARAL.COMP.1-2/0,8;UN;0.0
O-10/07;O-10/07  INST CONECTOR PARAL.COMP.397-1;UN;0.0
O-11/08;O-11/08  INST CONEC.PARAL.PARAF.556CA-1;UN;0.0
O-11/09;O-11/09  INST CONECT.PARAL.PARAF.397CA-;UN;0.0
O-11/10;O-11/10  INST CONECT.PARAL.PARAF.397CA-;UN;0.0
O-11/11;O-11/11  INST CONECT.PARAL.PARAF.397CA-;UN;0.0
O-11/12;O-11/12  INST CONE.PARAL.PARF.397CA-3/0;UN;0.0
O-11/13;O-11/13  INST CONECT.PARAL.PARAF.250CU-;UN;0.0
O-11/14;O-11/14  INST CONECT.PARAL.PARAF.250CU-;UN;0.0
O-11/15;O-11/15  INST CONECT.PARAL.PARAF.250CU-;UN;0.0
O-11/16;O-11/16  INST CONECT.PARAL.PARAF.4/0CA-;UN;0.0
O-11/17;O-11/17  INST CON.PARAL.PARAF.4/0CA-3/0;UN;0.0
O-11/18;O-11/18  INST CON.PARAL.PARAF.3/0CA-3/0;UN;0.0
O-11/19;O-11/19  INST CONE.PARAL.PARAF.1/0CAA-1;UN;0.0
O-11/20;O-11/20  INST CON.PARAL.PARAF.1/0CA-1/0;UN;0.0
O-70/1;O-70/1 INST CONECTOR DERIV.MEC.150-240/9;UN;0.0
O-70/2;O-70/2 INST CONECTOR DERIV.MEC.95-240/25;UN;0.0
O-70/3;O-70/3 INST CONECTOR DERIV.MEC.25-95/16-;UN;0.0
O-12/01;O-12/01  INST CONECTOR AMPACT 556CA-556;UN;0.0
O-12/02;O-12/02  INST CONECT. AMPACT 556CA-397,;UN;0.0
O-12/03;O-12/03  INST CONECTOR AMPACT 397CA-397;UN;0.0
O-12/04;O-12/04  INST CONECTOR AMPACT 397CA-250;UN;0.0
O-12/05;O-12/05  INST CONECTOR AMPACT 397CA-1/0;UN;0.0
O-12/06;INST.CONECTOR TIPO CUNHA 120X 120MM2 CA;UN;0.0
O-12/07;INST.CONECTOR TIPO CUNHA 120X 50MM2 CA;UN;0.0
O-12/08;O-12/08  INST CON.C.50AL OU 1/0AWGCA-CAA;UN;0.0
O-12/09;O-12/09 INST CONEC. CUNHA 120 C/4AWG-CAA;UN;0.0
O-12/10;O-12/10 INST CONEC. CUNHA 120 C/6AWG-CAA;UN;0.0
O-12/11;O-12/11  INST CONECTOR CUNHA TIPO VII;UN;0.0
O-12/12;O-12/12  INST CONECTOR AMPACT 397CA-95CA;UN;0.0
O-12/13;O-12/13  INST CONECTOR AMPACT 95CA-95CA;UN;0.0
O-12/30;O-12/30 INST CONECTOR C.C/CAPA 185/185AL;UN;0.0
O-12/31;O-12/31 INST CONECTOR C.C/CAPA 185/50 AL;UN;0.0
O-12/32;O-12/32 INST CONECTOR C.C/CAPA 50/50 AL;UN;0.0
O-12/AMA;O-12/AMA INST AMPACT-CARTUCHO AMARELO;UN;0.0
O-12/AMM;O-12/AMM INST CARTUCHO METALICO AMARELO;UN;0.0
O-12/AZM;O-12/AZM INST CARTUCHO METALICO AZUL;UN;0.0
O-12/AZU;O-12/AZU INST AMPACT-CARTUCHO AZUL;UN;0.0
O-12/VER;O-12/VER INST AMPACT-CARTUCHO VERMELHO;UN;0.0
O-12/VMM;O-12/VMM INST CARTUCHO METALICO VERMELHO;UN;0.0
CA240LID;CA240LID INST LIDE CB ARMADO 240MM²;UN;0.0
F-31/1;F-31/1   INST PARF.CAB.ABAULADA P/SUP.P;UN;0.0
F-34S;F-34S    INST PARF.CAB.SEXT. P/SUPORTE;UN;0.0
F-34T/1;F-34T/1  INST PARAF. PARA TERMIN. C/CAB;UN;0.0
F-34T/2;F-34T/2  INST PARF.P/TERM.C/CB.556,5-39;UN;0.0
KCA240BT;KCA240BT INST CJ CON CABO ARM 240P/CDMAR;UN;0.0
KCA50BT;KCA50BT INST CJ CON CABO ARM 50 P/CDMAR;UN;0.0
KCA95BT;KCA95BT INST CJ CON CABO ARM 95 P/CDMAR;UN;0.0
O-13/1/0;O-13/1/0 INST CONEC.TER.TIPO COMPRE. 1/;UN;0.0
O-13/120;O-13/120 INST CONECTOR TERM. COMPRES. 12;UN;0.0
O-13/240;O-13/240 INST CONECTOR TERM. TIPO COMPR;UN;0.0
O-13/25;O-13/25 INST CONECTOR TERM. COMPRES. 25;UN;0.0
O-13/35;O-13/35 INST CONECTOR TERM. COMPRES. 35;UN;0.0
O-13/397;O-13/397 INST CONEC.TERM.TIPO COMPRE. 3;UN;0.0
O-13/50B;O-13/50B INST CONECTOR TERM. COMPRES. 50;UN;0.0
O-13/556;O-13/556 INST CONEC.TERM.TIPO COMPRE. 5;UN;0.0
O-13/70;O-13/70 INST CONECTOR TERM. COMPRES. 70;UN;0.0
O-13/70B;O-13/70B INST CONECTOR TERM. COMPRES. 70;UN;0.0
O-2/10;O-2/10 INST CONEC TERM PARAF 6AWG-250KCM;UN;0.0
O13/120B;O-13/120B INST CONECTOR TERM. COMPR. 120;UN;0.0
O-25/01;O-25/01  INST ADAPT.ESTRIBO COMP.556CA,;UN;0.0
O-25/02;O-25/02  INST ADAPT. ESTRIBO COMPRES.1/;UN;0.0
O-25/03;O-25/03  INST ADAPT.ESTRIBO PARAFUSO 4;UN;0.0
O-25/04;O-25/04  INST CONECTOR ESTRIBO LATERAL;UN;0.0
O-25/05;O-25/05  INST CONECT.ESTRIBO LATERAL (3;UN;0.0
O-25/30;O-25/30 INST ADAPT.ESTRIB.C.C/CAPA 185AL;UN;0.0
O-25/31;O-25/31 INST ADAPT.ESTRI.C.C/CAPA 50AL;UN;0.0
O-7/01;O-7/01   INST CONECTOR DERIV. P/LINHA V;UN;0.0
O-20/01;O-20/01 INST EMENDA PREFOR.P/CABO 3,09M;UN;0.0
O-20/04;O-20/04  INST EMENDA PRE-FORMADA P/CABO;UN;0.0
O-30/02;O-30/02  INST LUVA EME.TRA.RE.JUMP.1/0C;UN;0.0
O-30/03;O-30/03  INST LUVA EME.TRA.RED.-JUMPER;UN;0.0
O-30/04;O-30/04  INST LUVA EME.TRA.RED.-JUMPER;UN;0.0
O-31/02;O-31/02  INST LUVA EMEM.TRAC.TOT.COMP.1;UN;0.0
O-31/03;O-31/03  INST LUVA EMEM.TRAC.TOT.COMP.1;UN;0.0
O-31/04;O-31/04  INST LUVA EMEM.TRAC.TOT.COMP.3;UN;0.0
O-31/05;O-31/05  INST LUVA EMEM.TRAC.TOT.COMP.3;UN;0.0
O-31/06;O-31/06  INST LUVA EME.TRA.TOT.COMP.556;UN;0.0
O-31/07;O-31/07  INST LUVA EMEN. TRACAO TOT. 2;UN;0.0
O-31/120;O-31/120 RET LUVA EMEN TRAC TOT 120 MM²;UN;0.0
A-16/01;A-16/01  INST CAPA ISOL P/AMPACTINHO 1;UN;0.0
A-16/02;A-16/02  INST CAPA ISOL P/AMPACTINHO 2;UN;0.0
A-16/03;A-16/03  INST CAPA ISOL P/AMPACTINHO 3;UN;0.0
A-37/01;A-37/01 INST CAPA ISOL P/AMPACTINHO 1;UN;0.0
A-37/02;A-37/02 INST CAPA ISOL P/AMPACTINHO 2;UN;0.0
A-37/03;A-37/03 INST CAPA ISOL P/AMPACTINHO 3 E;UN;0.0
O-15/01;O-15/01  INST CONECTOR AMPACTINHO 1;UN;0.0
O-15/02;O-15/02  INST CONECTOR AMPACTINHO 2;UN;0.0
O-15/03;O-15/03  INST CONECTOR AMPACTINHO 3;UN;0.0
O-15/04;O-15/04  INST CONECTOR AMPACTINHO 4;UN;0.0
O-15/06;O-15/06 INST CONECTOR CUNHA TIPO VIII;UN;0.0
O-15/07;O-15/07 INST CONECTOR AMPACTINHO L;UN;0.0
O-15/08;O-15/08 INST CONECTOR AMPACTINHO C;UN;0.0
A-15/02;A-15/02  INST FITA ISOLANTE.ADESIV.SCOT;UN;0.0
E-20/1;E-20/1   INST LAMPADA VAPOR DE MERCURIO;UN;0.0
E-20/2;E-20/2   INST LAMPADA VAPOR DE MERCURIO;UN;0.0
E-20/3;E-20/3   INST LAMPADA VAPOR DE MERCURIO;UN;0.0
E-20/4;E-20/4   INST LAMPADA VAPOR DE MERCURIO;UN;0.0
E-21;E-21     INST LAMPADA INCANDESCENTE DE;UN;0.0
E-22/1;E-22/1   INST LAMPADA MISTA 160W;UN;0.0
E-22/2;E-22/2   INST LAMPADA MISTA 250W;UN;0.0
E-24/3;E-24/3   INST LAMP.VAP.SODIO ALT.PRESSA;UN;0.0
E-25;E-25     INST LUMIN. ABERTA P/LAMPADA V;UN;0.0
E-26/1;E-26/1   INST LUMIN. FECHADA P/V.MERC.2;UN;0.0
E-26/2;E-26/2   INST LUMIN. FECHADA P/ V.MERC.;UN;0.0
E-32/1;E-32/1   INST REATOR LAMP.VAP. MERCURIO;UN;0.0
E-32/2;E-32/2   INST REATOR LAMP.VAP. MERCURIO;UN;0.0
E-32/3;E-32/3   INST REATOR DE LAMP.VAPOR SODI;UN;0.0
E-39;E-39     INST RELE FOTOELETRICO COM BAS;UN;0.0
F-5/1;F-5/1    INST BRACO TUBO 3.00M;UN;0.0
F-5/2;F-5/2    RET  BRACO TUBO 4.00M;UN;0.0
F-30/01;F-30/01 INST PARAF.CAB.QUAD.16X150X8OA90;UN;0.0
F-30/02;F-30/02  INST PARAF CAB QUAD DIAM 16X20;UN;0.0
F-30/03;F-30/03  INST PARAF CAB QUAD DIAM 16X25;UN;0.0
F-30/04;F-30/04  INST PARAF CAB QUAD DIAM 16X30;UN;0.0
F-30/05;F-30/05  INST PARAF CAB QUAD DIAM 16X35;UN;0.0
F-30/06;F-30/06  INST PARAF CAB QUAD DIAM 16X40;UN;0.0
F-30/07;F-30/07  RET  PARAF CAB QUAD DIAM 16X45;UN;0.0
F-30/08;F-30/08  INST PARAF CAB QUAD DIAM 16X50;UN;0.0
F-30/11;F-30/11  INST PARAF CAB QUAD DIAM 16X65;UN;0.0
F-30/13;F-30/13  INST PARAF CAB QUAD DIAM 16X12;UN;0.0
F-34F;F-34F INST. PARAF  PRISI ISOL PILAR FERR;UN;0.0
F-34M;F-34M INST. PARAF  PRISI ISOLADOR PILAR;UN;0.0
M-13/4;M-13/4   INST LACO PREFORMADO ROLDANA;UN;0.0
M-17/4;M-17/4   INST LACO PRE-FOR.DUPLO LATERA;UN;0.0
M17/3.09;M17/3.09 RET  LACO PRE-FORM. DUPLO  3.0;UN;0.0
A-14/240;A-14/240 RET  ABRACADEIRA (3 X CABO 240;UN;0.0
A-14/35;A-14/35  RET  ABRACADEIRA (3 X CABO 35;UN;0.0
A-16/1;A-16/1   INST ABRACADEIRA PLAST.(CONJ.C;UN;0.0
A-24;A-24     INST GARFO DUPLO;UN;0.0
A-42;A-42     INST SUPORTE DE ACO GALVANIZAD;UN;0.0
F-21;F-21     INST BALANCIM;UN;0.0
F-22;F-22     INST MANILHA - SAPATILHA;UN;0.0
F-23;F-23     INST GRAMPO SUSPENSAO(50/70/12;UN;0.0
F-24;F-24     INST MANILHA;UN;0.0
F-26;F-26     INST CRUZETA UNIVERSAL;UN;0.0
F-28;F-28     INST MANILHA CURVA;UN;0.0
F-31;F-31     INST PARAF.CABECA ABAUL. 16 X;UN;0.0
F-40;F-40     INST PORCA OLHAL;UN;0.0
F-71;F-71 INSTALAÇÃO BRAÇO L;UN;0.0
F-78/3;F-78/3 INST TUBO AÇO GALV 4 POL S/LUVA;UN;0.0
F-8/240;F-8/240  RET  BRACADEIRA 38MM-FIX.CAB.2;UN;0.0
F-8/35;F-8/35   RET  BRACADEIRA 25MM-FIX.CABO;UN;0.0
R-3/1;R-3/1    RET  CRUZETA DE MADEIRA C/2000;UN;0.0
R-3/2;R-3/2    RET  CRUZETA DE MADEIRA C/2400;UN;0.0
R-4/1;R-4/1 INST CRUZETA POLIMÉRICA 2000 MM;UN;0.0
R-4/2;R-4/2 INST CRUZETA POLIMÉRICA 2400 MM;UN;0.0
R-4/3;R-4/3 INST CRUZETA POLMÉRICA 3000 MM;UN;0.0
R-5/1;R-5/1 INST CRUZETA DE AÇO COM 2000 MM;UN;0.0
R-5/2;R-5/2 INST CRUZETA DE AÇO COM 2400 MM;UN;0.0
A-10/1;A-10/1 INST PROTETOR DE BUCHA;UN;0.0
A-8/1;A-8/1 INST LUVA CONTRAÍVEL P/CABO 50 AL;UN;0.0
A-8/2;A-8/2 INST LUVA CONTRAÍVEL P/CABO 185 AL;UN;0.0
A-9/1;A-9/1 INST CAPUZ CONTRAÍVEL P/CABO 50 AL;UN;0.0
A-9/2;A-9/2 INST CAPUZ CONTRAÍVEL P/CABO 185AL;UN;0.0
O-14;O-14     INST CONECTOR TERMINAL TIPO PA;UN;0.0
O-20/120;O-20/120 INST EMENDA PRE-FORMADA COND.1;UN;0.0
O-20/50;O-20/50  INST EMENDA PRE-FORMADA COND.;UN;0.0
O-30/120;O-30/120 INST LUVA EMEND.TRACAO REDUZ.1;UN;0.0
O-38/120;"O-38/120 INST EMENDA MOLD.;RETA;12/20KV";UN;0.0
O-38/240;"O-38/240 INST EMENDA MOLD.;RETA;12/20KV";UN;0.0
O-38/35;"O-38/35  INST EMENDA MOLD.;RETA;12/20KV";UN;0.0
O-39/120;"O-39/120 INST TERMINAL MOLD;EXT.;12/20KV";UN;0.0
O-39/240;"O-39/240 INST TERMINAL MOLD;EXT.;12/20KV";UN;0.0
O-39/35;"O-39/35  INST TERMINAL MOLD;EXT.;12/20KV";UN;0.0
O-39/50;O-39/50  INST TERMINAL TERMO-CONTRATIL;UN;0.0
O-80/15;O-80/15 INST EMENDA RETA MOL.240AL/185AL;UN;0.0
O-80/16;O-80/16 INST EMENDA RETA MOL.240CU/185AL;UN;0.0
O-80/17;O-80/17 INST EMENDA MOLD..RETA 185/120 A;UN;0.0
O-80/18;O-80/18 INST EMENDA MOLD..RETA 50/35 AL;UN;0.0
O-80/185;O-80/185 INST EMENDA RETA MOLDADA 12/20;UN;0.0
O-80/18A;O-80/18A INST EMEN MOLD 185 20/35KV EMEN;UN;0.0
O-80/50;O-80/50  INST EMENDA RETA MOLDADA 12/20;UN;0.0
O-90/1;O-90/1 INST TERM.M.CABO PRÉ 185AL C/LUVA;UN;0.0
O-90/185;O-90/185 INST TERMINAL MOLDADO 12/20KV;UN;0.0
O-90/18A;O-90/18A INST TERM MOLD 185 20/35KV EMEN;UN;0.0
O-90/1A;O-90/1A INST TERM MOLD 185 20/35KV NEMA;UN;0.0
O-90/2;O-90/2 INST TERM.M.CABO PRÉ 50 AL C/LUVA;UN;0.0
O-90/50;O-90/50  INST TERMINAL MOLDADO 12/20KV;UN;0.0
A-22/P;A-22/P INST PROTETOR POLIMÉRICO P/ FIO T;UN;0.0
A-23;A-23     INST ESPACADOR ACO GALV. 19X10;UN;0.0
A-26;A-26     INST SECCIONADOR PRE-FOMADO P/;UN;0.0
A-4;A-4      INST ARAME FERRO GALVANIZADO 1;UN;0.0
A-5/2;A-5/2    INST FITA DE ACO INOX 19,1 MM(;UN;0.0
A-5/4;A-5/4    INST FECHO P/FITA ACO 19,1MM(3;UN;0.0
F-17;F-17     INST HASTE ATERRAMENTO DIAM 19;UN;0.0
F-17/3;F-17/3   INST HASTE ATER.AÇO-COBRE 5/8X2;UN;0.0
F-18/2;F-18/2   RET  TUBO ACO GALV.C/3000MM(AT;UN;0.0
O-4;O-4      INST CONECTOR P/HASTE ATERRAME;UN;0.0
C-1/1-AR;"C-1/1-AR INST CABO ACO DIA.6,4 MM(1/4"")";UN;0.0
C-1/1-MR;C-1/1-MR INST CABO ACO DIAM 6,4 MM (1/4;UN;0.0
C-1/2-AR;"C-1/2-AR INST CABO ACO DIA.7,9 MM(5/16""";UN;0.0
C-1/3-AR;"C-1/3-AR INST CABO ACO DIA.9,5 MM(3/8"")";UN;0.0
I-1;I-1      INST ISOLADOR CASTANHA PARA ES;UN;0.0
M-2/6;M-2/6    INST ALCA ESTAI CAB.ACO 6,4 (1;UN;0.0
M-2/7;M-2/7    INST ALCA ESTAI CAB.ACO 7,9 (5;UN;0.0
M-9/6;M-9/6    INST ANCORA ESTAI-CB.ACO 6,4(1;UN;0.0
M-9/9;M-9/9    INST ANCORA ESTAI-CB.ACO 9,5(3;UN;0.0
S-3/5;S-3/5    INST CONTRA POSTE MAD COM 5 ME;UN;0.0
A-25;A-25     INST SAPATILHA;UN;0.0
A-10A/34;A-10A/34 INST ESPAÇADOR LOSANGUL 34,5 KV;UN;0.0
A-18/34;A-18/34 INSTALAÇÃO ESPAÇAD LOSANG 34,5KV;UN;0.0
A-18P/15;A-18P/15 INSTALAÇÃO ESPAÇADOR LOSAN 15KV;UN;0.0
C15/7,76;C15/7,76 RET  CABO DE ACO-ALUMINIO D=7,;UN;0.0
C15/9,78;C15/9,78 RET  CABO DE ACO-ALUMINIO D=9,;UN;0.0
F-38/34;F-38/34 INST PINO CURTO P/ISOL 34,5KV;UN;0.0
F-53;F-53 INST. SUPORTE TIPO Z;UN;0.0
F-85;F-85     INST PINO CURTO PARA ISOLADOR;UN;0.0
I-5/1;I-5/1 INST ISOL DE PINO POLIM. 34,5KV;UN;0.0
I-7/13;I-7/13 INST. ISOLADOR DISCO POLIM. 15 KV;UN;0.0
I-7/34;I-7/34 INST ISOL BASTÃO POLIMERICO 34KV;UN;0.0
I-8/34;I-8/34 INST ISOL PINO POLIMERICO 34,5KV;UN;0.0
M-30;M-30     INST FIO COBERTO P/ AMARRACAO;UN;0.0
M-70;M-70     RET  GRAMPO ANCORAGEM P/CABO 1;UN;0.0
O-80/10;O-80/10 INST.CONECTOR PERF.70-185/1,5-10;UN;0.0
O-80/11;O-80/11 INST CONEC PERF 50-240 MM²;UN;0.0
O-80/12;O-80/12 INST CON PERF ISOL 16-95/1,5-10;UN;0.0
O-80/13;O-80/13 INST CONEC PERF 70-240 MM²;UN;0.0
O-80/14;O-80/14 INST CONEC PERF 70-240/16-95 MM²;UN;0.0
O-80/20;O-80/20 INST CONEC PERF ISOL 35-95/35-95;UN;0.0
O-80/21;O-80/21 INST CONEC PERF ISOL 120-240/35;UN;0.0
O-80/22;O-80/22 INST CONEC PERF ISOL 120-240/;UN;0.0
O-80/23;O-80/23 INST CONEC DERIV PERF 120-240;UN;0.0
O-80/24;O-80/24  INST CONEC ADAPT ESTR PERF 50-1;UN;0.0
O-80/25;O-80/25 NST CONEC ADAPT ESTR PERF 120-12;UN;0.0
O-80/26;O-80/26  INST CON AD ESTR PERF 120-240MM;UN;0.0
O-80/3A;O-80/3A INST CONEC DERIV PERF 3A;UN;0.0
O-80/5;O-80/5   INST CONECTOR PERF.ISOL. 70/70;UN;0.0
O-80/6;O-80/6   INST CONECTOR PERF.ISOL. 70/21;UN;0.0
O-80/8;O-80/8   INST CONECTOR PERF.ISOL. 6-54/;UN;0.0
A-3;A-3      INST ARRUELA AÇO LISA P/PARAF.;UN;0.0
A-70;A-70     INST DISJUNTOR TERMOMAGNÉTICO;UN;0.0
A-71/1;A-71/1   INST ELETRODUTO PVC RIG.PRETO;UN;0.0
A-71/2;A-71/2   INST ELETRODUTO PVC RIG.PRETO;UN;0.0
A-71/3;A-71/3 INST ELETRODUTO PVC RIG PT 85MM;UN;0.0
A-72/1;A-72/1   INST LUVA PVC RIG.PRETA P/ELET;UN;0.0
A-72/3;A-72/3   INST LUVA PVC RIG.PR.P/ELETR.1;UN;0.0
A-73/1;A-73/1   INST BUCHA ALUMINIO 25MM;UN;0.0
A-74/1;"A-74/1   INST ARRUELA PVC PRETA  3/4""";UN;0.0
A-76/1;A-76/1   INST CURVA 90 PVC RIG.P/ELETR.;UN;0.0
A-76/3;A-76/3   RET  CURVA 180 PVC RIG. P/ELET;UN;0.0
A-79;A-79     INST BUCHA C/BRAÇADEIRA PRETA;UN;0.0
A-80;A-80     INST DERIVADOR P/COND.BIP.CONC;UN;0.0
A-85;A-85     RET  GRAMPO SUSPENSÃO C/ELO ME;UN;0.0
CXM-1;CXM-1    INST CAIXA P/MEDIDOR MONOFÁSIC;UN;0.0
D;D        INST GABINETE PRE P/CAIXAS MON;UN;0.0
F-33/1;F-33/1   INST PARAFUSO P/MADEIRA CAB.CH;UN;0.0
F-73/2;F-73/2   INST BUCHA  PVC RIG. PRETA 1 1;UN;0.0
F-74/2;F-74/2   INST ARRUELA PVC RIG. 40MM;UN;0.0
F-90/P;F-90/P   INST PARAFUSO SEG. FECH.P/CX.M;UN;0.0
TRB10/R;TRB10/R  INST RELOCACAO DA MONTAGEM 13T;UN;0.0
E-PA01/R;E-PA01/R INST RELOCAÇÃO MONTAGEM E-PA01;UN;0.0
E-PA02/R;E-PA02/R INST RELOCAÇÃO MONTAGEM E-PA02;UN;0.0
SM1/R;SM1/R INST RELOCAR ALIN.RETO/ANG.ATÉ 50;UN;0.0
SM2/R;SM2/R INST RELOCAR DEFLEX.MAIOR QUE 50°;UN;0.0
SM3/R;SM3/R INST RELOCAR FIM RD.ENCAB. SIMPLES;UN;0.0
SM4/R;SM4/R INST RELOCAR FIM RD. ENCAB. DUPLO;UN;0.0
13CE3/R;13CE3/R  INST MAO DE OBRA RELOCAR 13CE3;UN;0.0
MOBS;MOBS     INST MOBILIZACAO PARA SONDAGEM;UN;0.0
SOD/CA;SOD/CA   INST SONDAGEM CENTRO-ASFALTO;UN;0.0
SOD/CC;SOD/CC   INST SONDAGEM CENTRO-CIMENTO;UN;0.0
SOD/CP;SOD/CP   INST SONDAGEM-CENTRO PARALELOS;UN;0.0
SOD/CPP;SOD/CPP  INST SONDAGEM-CENTRO-PEDRA POR;UN;0.0
SOD/FA;SOD/FA   INST SONDAGEM-VALE-ASFALTO;UN;0.0
SOD/FC;SOD/FC   INST SONDAGEM-VALE-CIMENTO;UN;0.0
SOD/FP;SOD/FP   INST SONDAGEM-VALE-PARALELOS;UN;0.0
SOD/FPP;SOD/FPP  INST SONDAGEM-VALE-PEDRA PORTU;UN;0.0
SONDAGEM;SONDAGEM INST DE SONDAGEM;UN;0.0
BASCHAVE;BASCHAVE INST BASE CONCRETO P/CHAVE GAS;UN;0.0
BASEPED;BASEPED  INST BASE CONCRETO P/ BARRAM.;UN;0.0
CABCHA4V;CABCHA4V INST CABINE CHAVE A GAS 4 VIAS;UN;0.0
CABCHAVE;CABCHAVE INST CABINE PARA CHAVE A GÁS;UN;0.0
CI;CI       RET  VOL.CONCRETO P/C.INSP.N/P;UN;0.0
CMD/A;CMD/A    INST CX.MANOBRA/DERIV.BARRA/AS;UN;0.0
CMD/C;CMD/C    INST CX.MANOBRA/DERIV.BARRA/CI;UN;0.0
CMD/G;CMD/G    INST CX. MANOBRA/DERIV. BARRA/;UN;0.0
CMD/P;CMD/P    INST C.MANOBRA/DERIV.BARRA/PAR;UN;0.0
CMD/PP;CMD/PP   INST C.MANOBRA/DERIV.BARRA/P.P;UN;0.0
CV/A;CV/A     INST CAIXA VENTILACAO - ASFALT;UN;0.0
CV/C;CV/C     INST CAIXA VENTILACAO -CENTRO;UN;0.0
CV/PP;CV/PP    INST CAIXA VENTILACAO-PEDRA PO;UN;0.0
LD/C;LD/C     INST VOL.CONCRETO P/ENV.LD /CE;UN;0.0
NICHO1;NICHO1   RET  NICHO-OP1 P/VENTILACAO CA;UN;0.0
NICHO2;NICHO2   RET  NICHO-OP2 P/VENTILACAO CA;UN;0.0
NICHO3;NICHO3   INST NICHO-OP3 P/VENTILACAO CA;UN;0.0
PAD15539;PAD15539 RET  BASE CONC.TRAF.P.(PAD MOU;UN;0.0
TLF/3X4;TLF/3X4  INST VOL.CONCR.P/TRAV.LIN.FER.;UN;0.0
TLF/4X4;TLF/4X4  INST VOL.CONC.TRAV.LIN.FER.(4X;UN;0.0
VTV;VTV      INST VOL.CONCR.TUBO VENTIL.(CO;UN;0.0
BECABO-P;BECABO-P INST BURACO P/EMENDA  PASSEIO;UN;0.0
BECABO-S;BECABO-S INST BURACO P/EMENDA S/RECAPEAM;UN;0.0
BECABO-V;BECABO-V INST BURACO P/EMENDA NA VIA;UN;0.0
ESC/1;ESC/1    INST ESCAVACAO P/PROFU. ATE 1,;UN;0.0
ESC/2;ESC/2    INST ESCAVACAO P/PROF.>1,5M <4;UN;0.0
ESC/3;ESC/3    INST ESCAVA.P/ROCHA/PROF.ATE 1;UN;0.0
ESC/4;ESC/4    INST ESCAVA.P/ROCHA PROF.>1.5M;UN;0.0
RA;RA       INST REATERRO-M3;UN;0.0
RE/1;RE/1     INST RECALCAMENTO ASFALTO-M2;UN;0.0
RE/2;RE/2     INST RECALCAMENTO PARALELOS-M2;UN;0.0
RE/3;RE/3     INST RECALCAMENTO CIMENTADO-M2;UN;0.0
RE/4;RE/4     INST RECALCAM.PEDRAS PORTUGUES;UN;0.0
RE/5;RE/5     INST RECALCAMENTO DE GRAMA M2;UN;0.0
RECALA;RECALA INST RECALÇ.P/VALA, DUTO EM ASFAL;UN;0.0
RECALC;RECALC INST RECALÇ.VALA,DUTO EM CIM,P,LH;UN;0.0
RECALPP;RECALPP INST RECALÇ.VALA OU DUTO P.PORT.;UN;0.0
RECBURA;RECBURA INST RECALÇ.BURACO EMENDA ASFAL.;UN;0.0
RECBURC;RECBURC INST RECALÇ.BURACO EMEN.CIM,P,LH;UN;0.0
RECBURPP;RECBURPP INST RECALÇ.BURACO EMEN.P.PORT.;UN;0.0
KLCA1X1;"KLCA1X1  INST L.D. KANALEX 5"" CENTRO AS";UN;0.0
KLCA1X2;"KLCA1X2  INST L.D. KANALEX 5"" CENTRO AS";UN;0.0
KLCA1X3;"KLCA1X3  INST L.D. KANALEX 5"" CENTRO AS";UN;0.0
KLCA1X4;"KLCA1X4  INST L.D. KANALEX 5"" CENTRO AS";UN;0.0
KLCA1X5;"KLCA1X5  INST L.D. KANALEX 5"" CENTRO AS";UN;0.0
KLCA1X6;"KLCA1X6  INST L.D. KANALEX 5"" CENTRO AS";UN;0.0
KLCA2X1;"KLCA2X1  INST L.D. KANALEX 5"" CENTRO AS";UN;0.0
KLCA2X2;"KLCA2X2  INST L.D. KANALEX 5"" CENTRO AS";UN;0.0
KLCA2X3;"KLCA2X3  INST L.D. KANALEX 5"" CENTRO AS";UN;0.0
KLCA2X4;"KLCA2X4  INST L.D. KANALEX 5"" CENTRO AS";UN;0.0
KLCA2X5;"KLCA2X5  INST L.D. KANALEX 5"" CENTRO AS";UN;0.0
KLCA2X6;"KLCA2X6  INST L.D. KANALEX 5"" CENTRO AS";UN;0.0
KLCA3X1;"KLCA3X1  INST L.D. KANALEX 5"" CENTRO AS";UN;0.0
KLCA3X2;"KLCA3X2  INST L.D. KANALEX 5"" CENTRO AS";UN;0.0
KLCA3X3;"KLCA3X3  INST L.D. KANALEX 5"" CENTRO AS";UN;0.0
KLCA3X4;"KLCA3X4  INST L.D. KANALEX 5"" CENTRO AS";UN;0.0
KLCA4X1;"KLCA4X1  INST L.D. KANALEX 5"" CENTRO AS";UN;0.0
KLCA4X2;"KLCA4X2  INST L.D. KANALEX 5"" CENTRO AS";UN;0.0
KLCA4X3;"KLCA4X3  INST L.D. KANALEX 5"" CENTRO AS";UN;0.0
KLCA4X4;"KLCA4X4  INST L.D. KANALEX 5"" CENTRO AS";UN;0.0
KLCC1X1;"KLCC1X1  INST L.D. KANALEX 5"" CENTRO CI";UN;0.0
KLCC1X2;"KLCC1X2  INST L.D. KANALEX 5"" CENTRO CI";UN;0.0
KLCC1X3;"KLCC1X3  INST L.D. KANALEX 5"" CENTRO CI";UN;0.0
KLCC1X4;"KLCC1X4  INST L.D. KANALEX 5"" CENTRO CI";UN;0.0
KLCC1X5;"KLCC1X5  INST L.D. KANALEX 5"" CENTRO CI";UN;0.0
KLCC1X6;"KLCC1X6  INST L.D. KANALEX 5"" CENTRO CI";UN;0.0
KLCC2X1;"KLCC2X1  INST L.D. KANALEX 5"" CENTRO CI";UN;0.0
KLCC2X2;"KLCC2X2  INST L.D. KANALEX 5"" CENTRO CI";UN;0.0
KLCC2X3;"KLCC2X3  INST L.D. KANALEX 5"" CENTRO CI";UN;0.0
KLCC2X4;"KLCC2X4  INST L.D. KANALEX 5"" CENTRO CI";UN;0.0
KLCC2X5;"KLCC2X5  INST L.D. KANALEX 5"" CENTRO CI";UN;0.0
KLCC2X6;"KLCC2X6  INST L.D. KANALEX 5"" CENTRO CI";UN;0.0
KLCC3X1;"KLCC3X1  INST L.D. KANALEX 5"" CENTRO CI";UN;0.0
KLCC3X2;"KLCC3X2  INST L.D. KANALEX 5"" CENTRO CI";UN;0.0
KLCC3X3;"KLCC3X3  INST L.D. KANALEX 5"" CENTRO CI";UN;0.0
KLCC3X4;"KLCC3X4  INST L.D. KANALEX 5"" CENTRO CI";UN;0.0
KLCC4X1;"KLCC4X1  INST L.D. KANALEX 5"" CENTRO CI";UN;0.0
KLCC4X2;"KLCC4X2  INST L.D. KANALEX 5"" CENTRO CI";UN;0.0
KLCC4X3;"KLCC4X3  INST L.D. KANALEX 5"" CENTRO CI";UN;0.0
KLCC4X4;"KLCC4X4  INST L.D. KANALEX 5"" CENTRO CI";UN;0.0
KLCP1X1;"KLCP1X1  INST L.D. KANALEX 5"" CENTRO PA";UN;0.0
KLCP1X2;"KLCP1X2  INST L.D. KANALEX 5"" CENTRO PA";UN;0.0
KLCP1X3;"KLCP1X3  INST L.D. KANALEX 5"" CENTRO PA";UN;0.0
KLCP1X4;"KLCP1X4  INST L.D. KANALEX 5"" CENTRO PA";UN;0.0
KLCP1X5;"KLCP1X5  INST L.D. KANALEX 5"" CENTRO PA";UN;0.0
KLCP1X6;"KLCP1X6  INST L.D. KANALEX 5"" CENTRO PA";UN;0.0
KLCP2X1;"KLCP2X1  INST L.D. KANALEX 5"" CENTRO PA";UN;0.0
KLCP2X2;"KLCP2X2  INST L.D. KANALEX 5"" CENTRO PA";UN;0.0
KLCP2X3;"KLCP2X3  INST L.D. KANALEX 5"" CENTRO PA";UN;0.0
KLCP2X4;"KLCP2X4  INST L.D. KANALEX 5"" CENTRO PA";UN;0.0
KLCP2X5;"KLCP2X5  INST L.D. KANALEX 5"" CENTRO PA";UN;0.0
KLCP2X6;"KLCP2X6  INST L.D. KANALEX 5"" CENTRO PA";UN;0.0
KLCP3X1;"KLCP3X1  INST L.D. KANALEX 5"" CENTRO PA";UN;0.0
KLCP3X2;"KLCP3X2  INST L.D. KANALEX 5"" CENTRO PA";UN;0.0
KLCP3X3;"KLCP3X3  INST L.D. KANALEX 5"" CENTRO PA";UN;0.0
KLCP3X4;"KLCP3X4  INST L.D. KANALEX 5"" CENTRO PA";UN;0.0
KLCP4X1;"KLCP4X1  INST L.D. KANALEX 5"" CENTRO PA";UN;0.0
KLCP4X2;"KLCP4X2  INST L.D. KANALEX 5"" CENTRO PA";UN;0.0
KLCP4X3;"KLCP4X3  INST L.D. KANALEX 5"" CENTRO PA";UN;0.0
KLCP4X4;"KLCP4X4  INST L.D. KANALEX 5"" CENTRO PA";UN;0.0
KLCPP1X1;"KLCPP1X1 INST L.D. KANALEX 5""CENTRO PED";UN;0.0
KLCPP1X2;"KLCPP1X2 INST L.D. KANALEX 5""CENTRO PED";UN;0.0
KLCPP1X3;"KLCPP1X3 INST L.D. KANALEX 5""CENTRO PED";UN;0.0
KLCPP1X4;"KLCPP1X4 INST L.D. KANALEX 5""CENTRO PED";UN;0.0
KLCPP1X5;"KLCPP1X5 INST L.D. KANALEX 5""CENTRO PED";UN;0.0
KLCPP1X6;"KLCPP1X6 INST L.D. KANALEX 5""CENTRO PED";UN;0.0
KLCPP2X1;"KLCPP2X1 INST L.D. KANALEX 5""CENTRO PED";UN;0.0
KLCPP2X2;"KLCPP2X2 INST L.D. KANALEX 5""CENTRO PED";UN;0.0
KLCPP2X3;"KLCPP2X3 INST L.D. KANALEX 5""CENTRO PED";UN;0.0
KLCPP2X4;"KLCPP2X4 INST L.D. KANALEX 5""CENTRO PED";UN;0.0
KLCPP2X5;"KLCPP2X5 INST L.D. KANALEX 5""CENTRO PED";UN;0.0
KLCPP2X6;"KLCPP2X6 INST L.D. KANALEX 5""CENTRO PED";UN;0.0
KLCPP3X1;"KLCPP3X1 INST L.D. KANALEX 5""CENTRO PED";UN;0.0
KLCPP3X2;"KLCPP3X2 INST L.D. KANALEX 5""CENTRO PED";UN;0.0
KLCPP3X3;"KLCPP3X3 INST L.D. KANALEX 5""CENTRO PED";UN;0.0
KLCPP3X4;"KLCPP3X4 INST L.D. KANALEX 5""CENTRO PED";UN;0.0
KLCPP4X1;"KLCPP4X1 INST L.D. KANALEX 5""CENTRO PED";UN;0.0
KLCPP4X2;"KLCPP4X2 INST L.D. KANALEX 5""CENTRO PED";UN;0.0
KLCPP4X3;"KLCPP4X3 INST L.D. KANALEX 5""CENTRO PED";UN;0.0
KLCPP4X4;"KLCPP4X4 INST L.D. KANALEX 5""CENTRO PED";UN;0.0
KLFA1X1;"KLFA1X1  INST L.D. KANALEX 5"" DIFICIL A";UN;0.0
KLFA1X2;"KLFA1X2  INST L.D. KANALEX 5"" DIFICIL A";UN;0.0
KLFA1X3;"KLFA1X3  INST L.D. KANALEX 5"" DIFICIL A";UN;0.0
KLFA1X4;"KLFA1X4  INST L.D. KANALEX 5"" FAVELA AS";UN;0.0
KLFA1X5;"KLFA1X5  INST L.D. KANALEX 5"" FAVELA AS";UN;0.0
KLFA1X6;"KLFA1X6  INST L.D. KANALEX 5"" FAVELA AS";UN;0.0
KLFA2X1;"KLFA2X1  INST L.D. KANALEX 5"" DIFICIL A";UN;0.0
KLFA2X2;"KLFA2X2  INST L.D. KANALEX 5"" DIFICIL A";UN;0.0
KLFA2X3;"KLFA2X3  INST L.D. KANALEX 5"" DIFICIL A";UN;0.0
KLFA2X4;"KLFA2X4  INST L.D. KANALEX 5"" DIFICIL A";UN;0.0
KLFA2X5;"KLFA2X5  INST L.D. KANALEX 5"" DIFICIL A";UN;0.0
KLFA2X6;"KLFA2X6  INST L.D. KANALEX 5"" DIFICIL A";UN;0.0
KLFA3X1;"KLFA3X1  INST L.D. KANALEX 5"" DIFICIL A";UN;0.0
KLFA3X2;"KLFA3X2  INST L.D. KANALEX 5"" DIFICIL A";UN;0.0
KLFA3X3;"KLFA3X3  INST L.D. KANALEX 5"" DIFICIL A";UN;0.0
KLFA3X4;"KLFA3X4  INST L.D. KANALEX 5"" DIFICIL A";UN;0.0
KLFA4X1;"KLFA4X1  INST L.D. KANALEX 5"" DIFICIL A";UN;0.0
KLFA4X2;"KLFA4x2  INST L.D. KANALEX 5"" DIFICIL A";UN;0.0
KLFA4X3;"KLFA4X3  INST L.D. KANALEX 5"" DIFICIL A";UN;0.0
KLFA4X4;"KLFA4X4  INST L.D. KANALEX 5"" DIFICIL A";UN;0.0
KLFC1X1;"KLFC1X1  INST L.D. KANALEX 5"" DIFICIL A";UN;0.0
KLFC1X2;"KLFC1X2  INST L.D. KANALEX 5"" DIFICIL A";UN;0.0
KLFC1X3;"KLFC1X3  INST L.D. KANALEX 5"" DIFICIL A";UN;0.0
KLFC1X4;"KLFC1X4  INST L.D. KANALEX 5"" DIFICIL A";UN;0.0
KLFC1X5;"KLFC1X5  INST L.D. KANALEX 5"" DIFICIL A";UN;0.0
KLFC1X6;"KLFC1X6  INST L.D. KANALEX 5"" DIFICIL A";UN;0.0
KLFC2X1;"KLFC2X1  INST L.D. KANALEX 5"" DIFICIL A";UN;0.0
KLFC2X2;"KLFC2X2  INST L.D. KANALEX 5"" DIFICIL A";UN;0.0
KLFC2X3;"KLFC2X3  INST L.D. KANALEX 5"" FAVELA CI";UN;0.0
KLFC2X4;"KLFC2X4  INST L.D. KANALEX 5"" DIFICIL A";UN;0.0
KLFC2X5;"KLFC2X5  INST L.D. KANALEX 5"" DIFICIL A";UN;0.0
KLFC2X6;"KLFC2X6  INST L.D. KANALEX 5"" DIFICIL A";UN;0.0
KLFC3X1;"KLFC3X1  INST L.D. KANALEX 5"" DIFICIL A";UN;0.0
KLFC3X2;"KLFC3X2  INST L.D. KANALEX 5"" DIFICIL A";UN;0.0
KLFC3X3;"KLFC3X3  INST L.D. KANALEX 5"" DIFICIL A";UN;0.0
KLFC3X4;"KLFC3X4  INST L.D. KANALEX 5"" DIFICIL A";UN;0.0
KLFC4X1;"KLFC4X1  INST L.D. KANALEX 5"" DIFICIL A";UN;0.0
KLFC4X2;"KLFC4X2  INST L.D. KANALEX 5"" DIFICIL A";UN;0.0
KLFC4X3;"KLFC4X3  INST L.D. KANALEX 5"" DIFICIL A";UN;0.0
KLFC4X4;"KLFC4X4  INST L.D. KANALEX 5"" DIFICIL A";UN;0.0
KLFP1X1;"KLFP1X1  INST L.D. KANALEX 5"" DIFICIL A";UN;0.0
KLFP1X2;"KLFP1X2  INST L.D. KANALEX 5"" DIFICIL A";UN;0.0
KLFP1X3;"KLFP1X3  INST L.D. KANALEX 5"" DIFICIL A";UN;0.0
KLFP1X4;"KLFP1X4  INST L.D. KANALEX 5"" DIFICIL A";UN;0.0
KLFP1X5;"KLFP1X5  INST L.D. KANALEX 5"" DIFICIL A";UN;0.0
KLFP1X6;"KLFP1X6  INST L.D. KANALEX 5"" DIFICIL A";UN;0.0
KLFP2X1;"KLFP2X1  INST L.D. KANALEX 5"" DIFICIL A";UN;0.0
KLFP2X2;"KLFP2X2  INST L.D. KANALEX 5"" DIFICIL A";UN;0.0
KLFP2X3;"KLFP2X3  INST L.D. KANALEX 5"" DIFICIL A";UN;0.0
KLFP2X4;"KLFP2X4  INST L.D. KANALEX 5"" DIFICIL A";UN;0.0
KLFP2X5;"KLFP2X5  INST L.D. KANALEX 5"" DIFICIL A";UN;0.0
KLFP2X6;"KLFP2X6  INST L.D. KANALEX 5"" DIFICIL A";UN;0.0
KLFP3X1;"KLFP3X1  INST L.D. KANALEX 5"" DIFICIL A";UN;0.0
KLFP3X2;"KLFP3X2  INST L.D. KANALEX 5"" DIFICIL A";UN;0.0
KLFP3X3;"KLFP3X3  INST L.D. KANALEX 5"" DIFICIL A";UN;0.0
KLFP3X4;"KLFP3X4  INST L.D. KANALEX 5"" DIFICIL A";UN;0.0
KLFP4X1;"KLFP4X1  INST L.D. KANALEX 5"" DIFICIL A";UN;0.0
KLFP4X2;"KLFP4X2  INST L.D. KANALEX 5"" DIFICIL A";UN;0.0
KLFP4X3;"KLFP4X3  INST L.D. KANALEX 5"" DIFICIL A";UN;0.0
KLFP4X4;"KLFP4X4  INST L.D. KANALEX 5"" DIFICIL A";UN;0.0
KLFPP1X1;"KLFPP1X1 INST L.D. KANALEX 5""DIFICIL AC";UN;0.0
KLFPP1X2;"KLFPP1X2 INST L.D. KANALEX 5""DIFICIL AC";UN;0.0
KLFPP1X3;"KLFPP1X3 INST L.D. KANALEX 5""DIFICIL AC";UN;0.0
KLFPP1X4;"KLFPP1X4 INST L.D. KANALEX 5""DIFICIL AC";UN;0.0
KLFPP1X5;"KLFPP1X5 INST L.D. KANALEX 5""DIFICIL AC";UN;0.0
KLFPP1X6;"KLFPP1X6 INST L.D. KANALEX 5""DIFICIL AC";UN;0.0
KLFPP2X1;"KLFPP2X1 INST L.D. KANALEX 5""DIFICIL AC";UN;0.0
KLFPP2X2;"KLFPP2X2 INST L.D. KANALEX 5""DIFICIL AC";UN;0.0
KLFPP2X3;"KLFPP2X3 INST L.D. KANALEX 5""FAVELA PED";UN;0.0
KLFPP2X4;"KLFPP2X4 INST L.D. KANALEX 5""DIFICIL AC";UN;0.0
KLFPP2X5;"KLFPP2X5 INST L.D. KANALEX 5""DIFICIL AC";UN;0.0
KLFPP2X6;"KLFPP2X6 INST L.D. KANALEX 5""DIFICIL AC";UN;0.0
KLFPP3X1;"KLFPP3X1 INST L.D. KANALEX 5""DIFICIL AC";UN;0.0
KLFPP3X2;"KLFPP3X2 INST L.D. KANALEX 5""DIFICIL AC";UN;0.0
KLFPP3X3;"KLFPP3X3 INST L.D. KANALEX 5""DIFICIL AC";UN;0.0
KLFPP3X4;"KLFPP3X4 INST L.D. KANALEX 5""DIFICIL AC";UN;0.0
KLFPP4X1;"KLFPP4X1 INST L.D. KANALEX 5""DIFICIL AC";UN;0.0
KLFPP4X2;"KLFPP4X2 INST L.D. KANALEX 5""DIFICIL AC";UN;0.0
KLFPP4X3;"KLFPP4X3 INST L.D. KANALEX 5""DIFICIL AC";UN;0.0
KLFPP4X4;"KLFPP4X4 INST L.D. KANALEX 5""DIFICIL AC";UN;0.0
LDCA1X1;"LDCA1X1  INST L.D. PVC 5"" CENTRO ASFALT";UN;0.0
LDCA1X2;"LDCA1X2  INST L.D. PVC 5"" CENTRO ASFALT";UN;0.0
LDCA1X3;"LDCA1X3  INST L.D. PVC 5"" CENTRO ASFALT";UN;0.0
LDCA1X4;"LDCA1X4  INST L.D. PVC 5"" CENTRO ASFALT";UN;0.0
LDCA1X5;"LDCA1X5  INST L.D. PVC 5"" CENTRO ASFALT";UN;0.0
LDCA1X6;"LDCA1X6  INST L.D. PVC 5"" CENTRO ASFALT";UN;0.0
LDCA2X1;"LDCA2X1  INST L.D. PVC 5"" CENTRO ASFALT";UN;0.0
LDCA2X2;"LDCA2X2  INST L.D. PVC 5"" CENTRO ASFALT";UN;0.0
LDCA2X3;"LDCA2X3  INST L.D. PVC 5"" CENTRO ASFALT";UN;0.0
LDCA2X4;"LDCA2X4  INST L.D. PVC 5"" CENTRO ASFALT";UN;0.0
LDCA2X5;"LDCA2X5  INST L.D. PVC 5"" CENTRO ASFALT";UN;0.0
LDCA2X6;"LDCA2X6  INST L.D. PVC 5"" CENTRO ASFALT";UN;0.0
LDCA3X1;"LDCA3X1  INST L.D. PVC 5"" CENTRO ASFALT";UN;0.0
LDCA3X2;"LDCA3X2  INST L.D. PVC 5"" CENTRO ASFALT";UN;0.0
LDCA3X3;"LDCA3X3  INST L.D. PVC 5"" CENTRO ASFALT";UN;0.0
LDCA3X4;"LDCA3X4  INST L.D. PVC 5"" CENTRO ASFALT";UN;0.0
LDCA4X1;"LDCA4X1  INST L.D. PVC 5"" CENTRO ASFALT";UN;0.0
LDCA4X2;"LDCA4X2  INST L.D. PVC 5"" CENTRO ASFALT";UN;0.0
LDCA4X3;"LDCA4X3  INST L.D. PVC 5"" CENTRO ASFALT";UN;0.0
LDCA4X4;"LDCA4X4  INST L.D. PVC 5"" CENTRO ASFALT";UN;0.0
LDCC1X1;"LDCC1X1  INST L.D. PVC 5"" CENTRO CIMENT";UN;0.0
LDCC1X2;"LDCC1X2  INST L.D. PVC 5"" CENTRO CIMENT";UN;0.0
LDCC1X3;"LDCC1X3  INST L.D. PVC 5"" CENTRO CIMENT";UN;0.0
LDCC1X4;"LDCC1X4  INST L.D. PVC 5"" CENTRO CIMENT";UN;0.0
LDCC1X5;"LDCC1X5  INST L.D. PVC 5"" CENTRO CIMENT";UN;0.0
LDCC1X6;"LDCC1X6  INST L.D. PVC 5"" CENTRO CIMENT";UN;0.0
LDCC2X1;"LDCC2X1  INST L.D. PVC 5"" CENTRO CIMENT";UN;0.0
LDCC2X2;"LDCC2X2  INST L.D. PVC 5"" CENTRO CIMENT";UN;0.0
LDCC2X3;"LDCC2X3  INST L.D. PVC 5"" CENTRO CIMENT";UN;0.0
LDCC2X4;"LDCC2X4  INST L.D. PVC 5"" CENTRO CIMENT";UN;0.0
LDCC2X5;"LDCC2X5  INST L.D. PVC 5"" CENTRO CIMENT";UN;0.0
LDCC2X6;"LDCC2X6  INST L.D. PVC 5"" CENTRO CIMENT";UN;0.0
LDCC3X1;"LDCC3X1  INST L.D. PVC 5"" CENTRO CIMENT";UN;0.0
LDCC3X2;"LDCC3X2  INST L.D. PVC 5"" CENTRO CIMENT";UN;0.0
LDCC3X3;"LDCC3X3  INST L.D. PVC 5"" CENTRO CIMENT";UN;0.0
LDCC3X4;"LDCC3X4  INST L.D. PVC 5"" CENTRO CIMENT";UN;0.0
LDCC4X1;"LDCC4X1  INST L.D. PVC 5"" CENTRO CIMENT";UN;0.0
LDCC4X2;"LDCC4X2  INST L.D. PVC 5"" CENTRO CIMENT";UN;0.0
LDCC4X3;"LDCC4X3  INST L.D. PVC 5"" CENTRO CIMENT";UN;0.0
LDCC4X4;"LDCC4X4  INST L.D. PVC 5"" CENTRO CIMENT";UN;0.0
LDCP1X1;"LDCP1X1  INST L.D. PVC 5"" CENTRO PARALE";UN;0.0
LDCP1X2;"LDCP1X2  INST L.D. PVC 5"" CENTRO PARALE";UN;0.0
LDCP1X3;"LDCP1X3  INST L.D. PVC 5"" CENTRO PARALE";UN;0.0
LDCP1X4;"LDCP1X4  INST L.D. PVC 5"" CENTRO PARALE";UN;0.0
LDCP1X5;"LDCP1X5  INST L.D. PVC 5"" CENTRO PARALE";UN;0.0
LDCP1X6;"LDCP1X6  INST L.D. PVC 5"" CENTRO PARALE";UN;0.0
LDCP2X1;"LDCP2X1  INST L.D. PVC 5"" CENTRO PARALE";UN;0.0
LDCP2X2;"LDCP2X2  INST L.D. PVC 5"" CENTRO PARALE";UN;0.0
LDCP2X3;"LDCP2X3  INST L.D. PVC 5"" CENTRO PARALE";UN;0.0
LDCP2X4;"LDCP2X4  INST L.D. PVC 5"" CENTRO PARALE";UN;0.0
LDCP2X5;"LDCP2X5  INST L.D. PVC 5"" CENTRO PARALE";UN;0.0
LDCP2X6;"LDCP2X6  INST L.D. PVC 5"" CENTRO PARALE";UN;0.0
LDCP3X1;"LDCP3X1  INST L.D. PVC 5"" CENTRO PARALE";UN;0.0
LDCP3X2;"LDCP3X2  INST L.D. PVC 5"" CENTRO PARALE";UN;0.0
LDCP3X3;"LDCP3X3  INST L.D. PVC 5"" CENTRO PARALE";UN;0.0
LDCP3X4;"LDCP3X4  INST L.D. PVC 5"" CENTRO PARALE";UN;0.0
LDCP4X1;"LDCP4X1  INST L.D. PVC 5"" CENTRO PARALE";UN;0.0
LDCP4X2;"LDCP4X2  INST L.D. PVC 5"" CENTRO PARALE";UN;0.0
LDCP4X3;"LDCP4X3  INST L.D. PVC 5"" CENTRO PARALE";UN;0.0
LDCP4X4;"LDCP4X4  INST L.D. PVC 5"" CENTRO PARALE";UN;0.0
LDCPP1X1;"LDCPP1X1 INST L.D. PVC 5"" CENTRO PED PO";UN;0.0
LDCPP1X2;"LDCPP1X2 INST L.D. PVC 5"" CENTRO PED PO";UN;0.0
LDCPP1X3;"LDCPP1X3 INST L.D. PVC 5"" CENTRO PED PO";UN;0.0
LDCPP1X4;"LDCPP1X4 INST L.D. PVC 5"" CENTRO PED PO";UN;0.0
LDCPP1X5;"LDCPP1X5 INST L.D. PVC 5"" CENTRO PED PO";UN;0.0
LDCPP1X6;"LDCPP1X6 INST L.D. PVC 5"" CENTRO PED PO";UN;0.0
LDCPP2X1;"LDCPP2X1 INST L.D. PVC 5"" CENTRO PED PO";UN;0.0
LDCPP2X2;"LDCPP2X2 INST L.D. PVC 5"" CENTRO PED PO";UN;0.0
LDCPP2X3;"LDCPP2X3 INST L.D. PVC 5"" CENTRO PED PO";UN;0.0
LDCPP2X4;"LDCPP2X4 INST L.D. PVC 5"" CENTRO PED PO";UN;0.0
LDCPP2X5;"LDCPP2X5 INST L.D. PVC 5"" CENTRO PED PO";UN;0.0
LDCPP2X6;"LDCPP2X6 INST L.D. PVC 5"" CENTRO PED PO";UN;0.0
LDCPP3X1;"LDCPP3X1 INST L.D. PVC 5"" CENTRO PED PO";UN;0.0
LDCPP3X2;"LDCPP3X2 INST L.D. PVC 5"" CENTRO PED PO";UN;0.0
LDCPP3X3;"LDCPP3X3 INST L.D. PVC 5"" CENTRO PED PO";UN;0.0
LDCPP3X4;"LDCPP3X4 INST L.D. PVC 5"" CENTRO PED PO";UN;0.0
LDCPP4X1;"LDCPP4X1 INST L.D. PVC 5"" CENTRO PED PO";UN;0.0
LDCPP4X2;"LDCPP4X2 INST L.D. PVC 5"" CENTRO PED PO";UN;0.0
LDCPP4X3;"LDCPP4X3 INST L.D. PVC 5"" CENTRO PED PO";UN;0.0
LDCPP4X4;"LDCPP4X4 INST L.D. PVC 5"" CENTRO PED PO";UN;0.0
LDFA1X1;"LDFA1X1  INST L.D. PVC 5"" DIFICIL ACESS";UN;0.0
LDFA1X2;"LDFA1X2  INST L.D. PVC 5"" DIFICIL ACESS";UN;0.0
LDFA1X3;"LDFA1X3  INST L.D. PVC 5"" DIFICIL ACESS";UN;0.0
LDFA1X4;"LDFA1X4  INST L.D. PVC 5"" DIFICIL ACESS";UN;0.0
LDFA1X5;"LDFA1X5  INST L.D. PVC 5"" DIFICIL ACESS";UN;0.0
LDFA1X6;"LDFA1X6  INST L.D. PVC 5"" DIFICIL ACESS";UN;0.0
LDFA2X1;"LDFA2X1  INST L.D. PVC 5"" DIFICIL ACESS";UN;0.0
LDFA2X2;"LDFA2X2  INST L.D. PVC 5"" DIFICIL ACESS";UN;0.0
LDFA2X3;"LDFA2X3  INST L.D. PVC 5"" DIFICIL ACESS";UN;0.0
LDFA2X4;"LDFA2X4  INST  L.D. PVC 5"" DIFICIL ACES";UN;0.0
LDFA2X5;"LDFA2X5  INST L.D. PVC 5"" DIFICIL ACESS";UN;0.0
LDFA2X6;"LDFA2X6  INST L.D. PVC 5"" DIFICIL ACESS";UN;0.0
LDFA3X1;"LDFA3X1  INST L.D. PVC 5"" DIFICIL ACESS";UN;0.0
LDFA3X2;"LDFA3X2  INST L.D. PVC 5"" DIFICIL ACESS";UN;0.0
LDFA3X3;"LDFA3X3  INST L.D. PVC 5"" DIFICIL ACESS";UN;0.0
LDFA3X4;"LDFA3X4  INST L.D. PVC 5"" DIFICIL ACESS";UN;0.0
LDFA4X1;"LDFA4X1  INST L.D. PVC 5"" DIFICIL ACESS";UN;0.0
LDFA4X2;"LDFA4X2  INST L.D. PVC 5"" DIFICIL ACESS";UN;0.0
LDFA4X3;"LDFA4X3  INST L.D. PVC 5"" DIFICIL ACESS";UN;0.0
LDFA4X4;"LDFA4X4  INST L.D. PVC 5"" DIFICIL ACESS";UN;0.0
LDFC1X1;"LDFC1X1  INST L.D. PVC 5"" DIFICIL ACESS";UN;0.0
LDFC1X2;"LDFC1X2  INST L.D. PVC 5"" DIFICIL ACESS";UN;0.0
LDFC1X3;"LDFC1X3  INST L.D. PVC 5"" DIFICIL ACESS";UN;0.0
LDFC1X4;"LDFC1X4  INST L.D. PVC 5"" DIFICIL ACESS";UN;0.0
LDFC1X5;"LDFC1X5  INST L.D. PVC 5"" DIFICIL ACESS";UN;0.0
LDFC1X6;"LDFC1X6  INST L.D. PVC 5"" DIFICIL ACESS";UN;0.0
LDFC2X1;"LDFC2X1  INST L.D. PVC 5"" DIFICIL ACESS";UN;0.0
LDFC2X2;"LDFC2X2  INST L.D. PVC 5"" DIFICIL ACESS";UN;0.0
LDFC2X3;"LDFC2X3  INST L.D. PVC 5"" DIFICIL ACESS";UN;0.0
LDFC2X4;"LDFC2X4  INST L.D. PVC 5"" DIFICIL ACESS";UN;0.0
LDFC2X5;"LDFC2X5  INST L.D. PVC 5"" DIFICIL ACESS";UN;0.0
LDFC2X6;"LDFC2X6  INST L.D. PVC 5"" DIFICIL ACESS";UN;0.0
LDFC3X1;"LDFC3X1  INST L.D. PVC 5"" DIFICIL ACESS";UN;0.0
LDFC3X2;"LDFC3X2  INST L.D. PVC 5"" DIFICIL ACESS";UN;0.0
LDFC3X3;"LDFC3X3  INST L.D. PVC 5"" DIFICIL ACESS";UN;0.0
LDFC3X4;"LDFC3X4  INST L.D. PVC 5"" DIFICIL ACESS";UN;0.0
LDFC4X1;"LDFC4X1  INST L.D. PVC 5"" DIFICIL ACESS";UN;0.0
LDFC4X2;"LDFC4X2  INST L.D. PVC 5"" DIFICIL ACESS";UN;0.0
LDFC4X3;"LDFC4X3  INST L.D. PVC 5"" DIFICIL ACESS";UN;0.0
LDFC4X4;"LDFC4X4  INST L.D. PVC 5"" DIFICIL ACESS";UN;0.0
LDFP1X1;"LDFP1X1  INST L.D. PVC 5"" DIFICIL ACESS";UN;0.0
LDFP1X2;"LDFP1X2  INST L.D. PVC 5"" DIFICIL ACESS";UN;0.0
LDFP1X3;"LDFP1X3  INST L.D. PVC 5"" DIFICIL ACESS";UN;0.0
LDFP1X4;"LDFP1X4  INST L.D. PVC 5"" DIFICIL ACESS";UN;0.0
LDFP1X5;"LDFP1X5  INST L.D. PVC 5"" DIFICIL ACESS";UN;0.0
LDFP1X6;"LDFP1X6  INST L.D. PVC 5"" DIFICIL ACESS";UN;0.0
LDFP2X1;"LDFP2X1  INST L.D. PVC 5"" DIFICIL ACESS";UN;0.0
LDFP2X2;"LDFP2X2  INST L.D. PVC 5"" DIFICIL ACESS";UN;0.0
LDFP2X3;"LDFP2X3  INST L.D. PVC 5"" DIFICIL ACESS";UN;0.0
LDFP2X4;"LDFP2X4  INST L.D. PVC 5"" DIFICIL ACESS";UN;0.0
LDFP2X5;"LDFP2X5  INST L.D. PVC 5"" DIFICIL ACESS";UN;0.0
LDFP2X6;"LDFP2X6  INST L.D. PVC 5"" DIFICIL ACESS";UN;0.0
LDFP3X1;"LDFP3X1  INST L.D. PVC 5"" DIFICIL ACESS";UN;0.0
LDFP3X2;"LDFP3X2  INST L.D. PVC 5"" DIFICIL ACESS";UN;0.0
LDFP3X3;"LDFP3X3  INST L.D. PVC 5"" DIFICIL ACESS";UN;0.0
LDFP3X4;"LDFP3X4  INST L.D. PVC 5"" DIFICIL ACESS";UN;0.0
LDFP4X1;"LDFP4X1  INST L.D. PVC 5"" DIFICIL ACESS";UN;0.0
LDFP4X2;"LDFP4X2  INST L.D. PVC 5"" DIFICIL ACESS";UN;0.0
LDFP4X3;"LDFP4X3  INST L.D. PVC 5"" DIFICIL ACESS";UN;0.0
LDFP4X4;"LDFP4X4  INST L.D. PVC 5"" DIFICIL ACESS";UN;0.0
LDFPP1X1;"LDFPP1X1 INST L.D. PVC 5"" DIFICIL ACESS";UN;0.0
LDFPP1X2;"LDFPP1X2 INST L.D. PVC 5"" DIFICIL ACESS";UN;0.0
LDFPP1X3;"LDFPP1X3 INST L.D. PVC 5"" DIFICIL ACESS";UN;0.0
LDFPP1X4;"LDFPP1X4 INST L.D. PVC 5"" DIFICIL ACESS";UN;0.0
LDFPP1X5;"LDFPP1X5 INST L.D. PVC 5"" DIFICIL ACESS";UN;0.0
LDFPP1X6;"LDFPP1X6 INST L.D. PVC 5"" DIFICIL ACESS";UN;0.0
LDFPP2X1;"LDFPP2X1 INST L.D. PVC 5"" DIFICIL ACESS";UN;0.0
LDFPP2X2;"LDFPP2X2 INST L.D. PVC 5"" DIFICIL ACESS";UN;0.0
LDFPP2X3;"LDFPP2X3 INST L.D. PVC 5"" DIFICIL ACESS";UN;0.0
LDFPP2X4;"LDFPP2X4 INST L.D. PVC 5"" DIFICIL ACESS";UN;0.0
LDFPP2X5;"LDFPP2X5 INST L.D. PVC 5"" DIFICIL ACESS";UN;0.0
LDFPP2X6;"LDFPP2X6 INST L.D. PVC 5"" DIFICIL ACESS";UN;0.0
LDFPP3X1;"LDFPP3X1 INST L.D. PVC 5"" DIFICIL ACESS";UN;0.0
LDFPP3X2;"LDFPP3X2 INST L.D. PVC 5"" DIFICIL ACESS";UN;0.0
LDFPP3X3;"LDFPP3X3 INST L.D. PVC 5"" DIFICIL ACESS";UN;0.0
LDFPP3X4;"LDFPP3X4 INST  L.D. PVC 5"" DIFICIL ACES";UN;0.0
LDFPP4X1;"LDFPP4X1 INST L.D. PVC 5"" DIFICIL ACESS";UN;0.0
LDFPP4X2;"LDFPP4X2 INST L.D. PVC 5"" DIFICIL ACESS";UN;0.0
LDFPP4X3;"LDFPP4X3 INST L.D. PVC 5"" DIFICIL ACESS";UN;0.0
LDFPP4X4;"LDFPP4X4 INST L.D. PVC 5"" DIFICIL ACESS";UN;0.0
LDUTO1X1;LDUTO1X1 INST DE LINHA DE DUTOS 1X1;UN;0.0
LDUTO1X2;LDUTO1X2 INST DE LINHA DE DUTOS 1X2;UN;0.0
LDUTO1X3;LDUTO1X3 INST DE LINHA DE DUTOS 1X3;UN;0.0
LDUTO1X4;LDUTO1X4 INST DE LINHA DE DUTOS 1X4;UN;0.0
LDUTO1X5;LDUTO1X5 INST DE LINHA DE DUTOS 1X5;UN;0.0
LDUTO1X6;LDUTO1X6 INST DE LINHA DE DUTOS 1X6;UN;0.0
LDUTO2P;LDUTO2P INST LINHA ATÉ 2 DUTOS PASSEIO;UN;0.0
LDUTO2S;LDUTO2S INST LINHA ATÉ 2 DUTOS S/RECAPEA;UN;0.0
LDUTO2V;LDUTO2V INST LINHA DE ATÉ 2 DUTOS NA VIA;UN;0.0
LDUTO2X1;LDUTO2X1 INST DE LINHA DE DUTOS 2X1;UN;0.0
LDUTO2X2;LDUTO2X2 INST DE LINHA DE DUTOS 2X2;UN;0.0
LDUTO2X3;LDUTO2X3 INST DE LINHA DE DUTOS 2X3;UN;0.0
LDUTO2X4;LDUTO2X4 INST DE LINHA DE DUTOS 2X4;UN;0.0
LDUTO2X5;LDUTO2X5 INST DE LINHA DE DUTOS 2X5;UN;0.0
LDUTO2X6;LDUTO2X6 INST DE LINHA DE DUTOS 2X6;UN;0.0
LDUTO3X1;LDUTO3X1 INST DE LINHA DE DUTOS 3X1;UN;0.0
LDUTO3X2;LDUTO3X2 INST DE LINHA DE DUTOS 3X2;UN;0.0
LDUTO3X3;LDUTO3X3 INST DE LINHA DE DUTOS 3X3;UN;0.0
LDUTO3X4;LDUTO3X4 INST DE LINHA DE DUTOS 3X4;UN;0.0
LDUTO4P;LDUTO4P INST LINHA ATÉ 4 DUTOS PASSEIO;UN;0.0
LDUTO4S;LDUTO4S INST LINHA  ATÉ 4 DUTOS S/RECAPE;UN;0.0
LDUTO4V;LDUTO4V INST LINHA DE ATÉ 4 DUTOS NA VIA;UN;0.0
LDUTO4X1;LDUTO4X1 INST DE LINHA DE DUTOS 4X1;UN;0.0
LDUTO4X2;LDUTO4X2 INST DE LINHA DE DUTOS 4X2;UN;0.0
LDUTO4X3;LDUTO4X3 INST DE LINHA DE DUTOS 4X3;UN;0.0
LDUTO4X4;LDUTO4X4 INST DE LINHA DE DUTOS 4X4;UN;0.0
LDUTO6P;LDUTO6P INST LINHA ATÉ 6 DUTOS PASSEIO;UN;0.0
LDUTO6S;LDUTO6S INST LINHA ATÉ 6 DUTOS S/RECAPEA;UN;0.0
LDUTO6V;LDUTO6V INST LINHA DE ATÉ 6 DUTOS NA VIA;UN;0.0
A/T-21C;A/T-21C  INST ARO/TAMPA CAIXA CALC.DES.;UN;0.0
A/T-21R;A/T-21R  INST ARO/TAMPA CAIXA RUA DES.2;UN;0.0
A/T-25;A/T-25   INST ARO/TAMPA CX.P/RUA D.25-1;UN;0.0
A/T-36;A/T-36   INST ARO/TAMPA CAIXA P/CALC. D;UN;0.0
A/T-68;A/T-68   RET  ARO/TAMPA CX.MANOBRA/DERI;UN;0.0
A/T-7;A/T-7    INST ARO E TAMPA DESENHOS 7-1;UN;0.0
ADA15552;"ADA15552 INST ADAPTADOR BARRO 3 1/2""X P";UN;0.0
AT25SF6;AT25SF6  INST ARO/TAMPA CX. MANOBRA P/C;UN;0.0
BAR/FE-6;"BAR/FE-6 INST BARBARA FE FUNDIDO 6""(150";UN;0.0
C/FG/1;C/FG/1   INST CHAPA ACO GALV.(100X70X6.;UN;0.0
C/FG/2;C/FG/2   INST CHAPA ACO GALV.(100X120X6;UN;0.0
CURVAPAD;CURVAPAD INST CURVA PAD P/SUB. EM POSTE;UN;0.0
CX/V;CX/V     INST CAIXA DE VENTILACAO (D-15;UN;0.0
EMB100;EMB100   RET  EMBUCHAMENTO DE DUTO 4 PO;UN;0.0
EMBU-RAY;EMBU-RAY RET  EMBUCHAMENTO ALTERNATIVO;UN;0.0
EMBU3M;EMBU3M INST EMBUCHAM.C/RESINA EXPANSÍVEL;UN;0.0
FITACABO;FITACABO INST FITA AVISO P/PROTEÇÃO CABO;UN;0.0
H-PROL;H-PROL   INST HASTE PROLON. 1SEG. 1METR;UN;0.0
H-PROL/1;H-PROL/1 INST HASTE ATER.PROL. 3 M;UN;0.0
L-PROL;L-PROL   INST LUVA PARA HASTE/ATERRAMEN;UN;0.0
L/CK-5;L/CK-5   INST LUVA CORG.KANX/KANX 125MM;UN;0.0
L/CPVK-5;L/CPVK-5 INST LUVA CORG. KANX/PVC 125MM;UN;0.0
L/FG-2;L/FG-2   INST LUVA DE FERRO GALVANIZADO;UN;0.0
L/PVC-5;"L/PVC-5  INST LUVA DE PVC 5""";UN;0.0
LF/PVC-5;"LF/PVC-5 INST LUVA PVC FENDIDA DE 5""";UN;0.0
LSK-5;LSK-5 INST LUVA SELADA P/DUTO CORR.FLEX;UN;0.0
NV-PVC;NV-PVC   INST CILINDRO DE ACO PARA NICH;UN;0.0
O/FG;O/FG     INST OLHAL FERRO GALVANIZADO;UN;0.0
P-1;"P-1      INST PARAF.FE GAL. 1/2""X6.3/16";UN;0.0
P-2;"P-2      INST PARAF. FE.GAL. 5/8""X6.11/";UN;0.0
PV-50;PV-50    INST POSTE DE VENTILACAO;UN;0.0
PV-CA;PV-CA    INST POSTE VENTILACAO DLES.D-1;UN;0.0
PV-OR;PV-OR INST POSTE VENTILAÇÃO ORNAMENTAL;UN;0.0
PVC4POL;PVC4POL  INST DUTO DE PVC 4 POL;UN;0.0
T/ANEL-2;"T/ANEL-2 INST DUTO ANELADO 2""";UN;0.0
T/ANEL-5;"T/ANEL-5 INST DUTO ANELADO 5""";UN;0.0
T/FE-8;T/FE-8   RET  TUBO DE FERRO GALVANIZADO;UN;0.0
T/FG-1/2;"T/FG-1/2 RET  TUBO DE FE GALV. 1/2""P/SA";UN;0.0
T/KLX-5;"T/KLX-5  INST DUTO POLIET. FLEX. 5""";UN;0.0
T/KLX-6;"T/KLX-6  INST TUBO POLIET. FLEX. 6""";UN;0.0
T/PVC-10;T/PVC-10 INST TUBO POLIET.ESPIRAL FLEX.;UN;0.0
T/PVC-5;"T/PVC-5  INST TUBO PVC 5""- 6M";UN;0.0
T/PVC-6;"T/PVC-6  INST TUBO PVC 6"" 6M";UN;0.0
TCI-S/G;TCI-S/G INST CX.INSP.S/GARGALO-PASSEIO;UN;0.0
TF/PVC-5;"TF/PVC-5 INST TUBO PVC 5""  FENDIDO(1 ME";UN;0.0
TP/KLX-5;"TP/KLX-5 INST TAMPA P/TUBO CORRUG. 5""(1";UN;0.0
TP/KLX-6;"TP/KLX-6 INST TAMPA P/TUBO CORRUG. 6""(1";UN;0.0
TUBOCISG;TUBOCISG INST TUBO APOIO TAMPÃO CX.S/GAR;UN;0.0
92444;92444    INST TAMPAO P/VAULT DE CONCRET;UN;0.0
92486;92486    INST TAMPAO P/VAULT DE CONCRET;UN;0.0
335611CT;335611CT INST TAMPA DE CT 300 KVA;UN;0.0
V-10;V-10     INST TAMPAO P/VAULT 2M DES. N.;UN;0.0
V-8;V-8      INST TAMPAO P/VAULT 3M DES. N.;UN;0.0
V-9;V-9      RET  TAMPAO P/VAULT 1.25M D/N.;UN;0.0
15493/C;15493/C  INST CAMARA ARMARIO D.15493/CE;UN;0.0
CT15596;CT15596 INST CÂMARA TIPO CABINE D.15596;UN;0.0
CT15608R;CT15608R INST CT CAB. 2x500KVA NET WORK;UN;0.0
CT15610N;CT15610N INST CT TIPO CAB2x500KVA RADIA;UN;0.0
15524;15524    INST CAIXA/PASSAGEM(0,8X0,8X0,;UN;0.0
15525;15525    INST CAIXA/PASSAGEM(0,6X0,6X0,;UN;0.0
15483;15483 INST CT SUBTERRÂNEA DESº 15483;UN;0.0
15484;15484 INST CT SUBTERRÂNEA DESº 15484;UN;0.0
15485;15485 INST CT SUBTERRÂNEA DESº 15485;UN;0.0
15486;15486 INST CT SUBTERRÂNEA DESº 15486;UN;0.0
15487;15487 INST CT SUBTERRÂNEA DESº 15487;UN;0.0
15488;15488 INST CT SUBTERRÂNEA DESº 15488;UN;0.0
15489;15489 INST CT SUBTERRÂNEA DESº 15489;UN;0.0
15490;15490 INST CT SUBTERRÂNEA DESº 15490;UN;0.0
15491;15491 INST CT SUBTERRÂNEA DESº 15491;UN;0.0
15483/A;15483/A  INST CT DES. 15483/ASFALTO;UN;0.0
15483/C;15483/C  INST CT DES. 15483/CIMENTO;UN;0.0
15483/G;15483/G  INST CT DES. 15483/GRAMA;UN;0.0
15483/P;15483/P  INST CT DES. 15483/PARALELO;UN;0.0
15483/PP;15483/PP INST CT DES. 15483/P.PORT.;UN;0.0
15484/A;15484/A  INST CT DES. 15484/ASFALTO;UN;0.0
15484/C;15484/C  INST CT DES. 15484/CIMENTADO;UN;0.0
15484/G;15484/G  INST CT DES. 15484/GRAMA;UN;0.0
15484/P;15484/P  INST CT DES. 15484/PARALELO;UN;0.0
15484/PP;15484/PP INST CT DES. 15484/P.PORT.;UN;0.0
15485/A;15485/A  INST CT DES. 15485/ASFALTO;UN;0.0
15485/C;15485/C  INST CT DES. 15485/CIMENTADO;UN;0.0
15485/G;15485/G  INST CT DES. 15485/GRAMA;UN;0.0
15485/P;15485/P  INST CT DES.15485/PARALELO;UN;0.0
15485/PP;15485/PP INST CT DES. 15485/P.PORT.;UN;0.0
15486/A;15486/A  INST CT DES. 15486/ASFALTO;UN;0.0
15486/C;15486/C  INST CT DES. 15486/CIMENTADO;UN;0.0
15486/G;15486/G  INST CT DES. 15486/GRAMA;UN;0.0
15486/P;15486/P  INST CT DES. 15486/PARALELO;UN;0.0
15486/PP;15486/PP INST CT DES. 15486/P.PORT.;UN;0.0
15487/A;15487/A  INST CT DES. 15487/ASFALTO;UN;0.0
15487/C;15487/C  INST CT DES. 15487/CIMENTADO;UN;0.0
15487/G;15487/G  INST CT DES. 15487/G;UN;0.0
15487/P;15487/P  INST CT DES. 15487/PARALELO;UN;0.0
15487/PP;15487/PP INST CT DES. 15487/P.PORT.;UN;0.0
15488/A;15488/A  INST DT DES. 15488/ASFALTO;UN;0.0
15488/C;15488/C  INST CT DES. 15488/CIMENTADO;UN;0.0
15488/G;15488/G  INST CT DES. 15488/GRAMA;UN;0.0
15488/P;15488/P  INST CT DES. 15488/PARALELO;UN;0.0
15488/PP;15488/PP INST CT DES. 15488/P.PORT.;UN;0.0
15489/A;15489/A  INST CT DES. 15489/ASFALTO;UN;0.0
15489/C;15489/C  INST CT DES. 15489/CIMENTADO;UN;0.0
15489/G;15489/G  INST CT DES. 15489/GRAMA;UN;0.0
15489/P;15489/P  INST CT DES. 15489/PARALELO;UN;0.0
15489/PP;15489/PP INST CT DES. 15489/P.PORT.;UN;0.0
15490/A;15490/A  INST CT DES. 15490/ASFALTO;UN;0.0
15490/C;15490/C  INST CT DES. 15490/CIMENTADO;UN;0.0
15490/G;15490/G  INST CT DES. 15490/GRAMA;UN;0.0
15490/P;15490/P  INST CT DES. 15490/PARALELO;UN;0.0
15490/PP;15490/PP INST CT DES. 15490/P.PORT.;UN;0.0
15491/A;15491/A  INST CT DES. 15491/ASFALTO;UN;0.0
15491/C;15491/C  INST CT DES. 15491/CIMENTADO;UN;0.0
15491/G;15491/G  INST CT DES. 15491/GRAMA;UN;0.0
15491/P;15491/P  INST CT DES. 15491/PARALELO;UN;0.0
15491/PP;15491/PP INST CT DES. 15491/P.PORT.;UN;0.0
15492/A;15492/A  INST CT DES. 15492/ASFALTO;UN;0.0
15492/C;15492/C  INST CT DES. 15492/CIMENTADO;UN;0.0
15492/G;15492/G  INST CT DES. 15492/GRAMA;UN;0.0
15492/P;15492/P  INST CT DES. 15492/PARALELO;UN;0.0
15492/PP;15492/PP INST CT DES. 15492/P.PORT.;UN;0.0
V0/CA;V0/CA    INST VALA 15X30 CENTRO-ASFALTO;UN;0.0
V0/CC;V0/CC    INST VALA 15X30 CENTRO-CIMENTO;UN;0.0
V0/CPP;V0/CPP   INST VALA 15X30 CENTRO-PEDRA P;UN;0.0
V0/FA;V0/FA    INST VALA 15X30 DIFICIL ACESSO;UN;0.0
V0/FC;V0/FC    INST VALA 15X30 DIFICIL ACESSO;UN;0.0
V0/SA;V0/SA    INST VALA 15X30 GRANDE RIO-ASF;UN;0.0
V0/SC;V0/SC    INST VALA 15X30 GRANDE RIO-CIM;UN;0.0
V0/SPP;V0/SPP   INST VALA 15X30 GRANDE RIO- PE;UN;0.0
V10/A;V10/A INST VALA 50X110 ASF.2CABOS RUA1CA;UN;0.0
V10/C;V10/C INST VALA 50X110 C.2CABOS RUA 1CA;UN;0.0
V10/G;V10/G INST VALA 50X110 GR.2CABOS RUA 1CA;UN;0.0
V10/P;V10/P INST VALA 50X110 P.2CABOS RUA 1CA;UN;0.0
V10/PP;V10/PP INST VALA 50X110 PP 2CABOS RUA 2C;UN;0.0
V11/A;V11/A INST VALA 70X110 ASF.3CABOS RUA 1C;UN;0.0
V11/C;V11/C INST VALA 70X110 CIM.3CABOS RUA 1C;UN;0.0
V11/G;V11/G INST VALA 70X110 GRA.3CABOS RUA 1C;UN;0.0
V11/P;V11/P INST VALA 70X110 PAR.3CABOS RUA 1C;UN;0.0
V11/PP;V11/PP INST VALA 70X110 PP 3CABOS RUA 1C;UN;0.0
V12/A;V12/A INST VALA 50X130 ASF.4CABOS RUA 2C;UN;0.0
V12/C;V12/C INST VALA 50X130 CIM.4CABOS RUA 2C;UN;0.0
V12/G;V12/G INST VALA 50X130 GRA.4CABOS RUA 2C;UN;0.0
V12/P;V12/P INST VALA 50X130 PAR.4CABOS RUA 2C;UN;0.0
V12/PP;V12/PP INST VALA 50X130 PP.4CABOS RUA 2C;UN;0.0
V13/A;V13/A INST VALA 70X130 A.5/6CABOS RUA 2C;UN;0.0
V13/C;V13/C INST VALA 70X130 C.5/6CABOS RUA 2C;UN;0.0
V13/G;V13/G INST VALA 70X130 GR.5/6CABO RUA 2C;UN;0.0
V13/P;V13/P INST VALA 70X130 P.5/6CABOS RUA 2C;UN;0.0
V13/PP;V13/PP INST VALA 70X130 PP5/6CABO RUA 2C;UN;0.0
V50X100;V50X100 INST DE VALA DE 50 X 100 CM;UN;0.0
V50X110;V50X110 INST DE VALA DE 50 X 110 CM;UN;0.0
V50X130;V50X130 INST DE VALA DE 50 X 130 CM;UN;0.0
V50X80;V50X80 INST DE VALA DE 50 X 80 CM;UN;0.0
V6/G;V6/G INST VALA 50X80 GRAMA 1/2CABOS CALÇ;UN;0.0
V6/P;V6/P INST VALA 50X80 PARAL 1/2CABOS CALÇ;UN;0.0
V7/A;V7/A INST VALA 70X80 ASF 3CABOS CALÇ.1CA;UN;0.0
V7/C;V7/C INST VALA 70X80 CIM.3CABOS CALÇ.1CA;UN;0.0
V7/G;V7/G INST VALA 70X80 GRA.3CABOS CALÇ.1CA;UN;0.0
V7/P;V7/P INST VALA 70X80 PAR.3CABOS CALÇ.1CA;UN;0.0
V7/PP;V7/PP INST VALA 70X80 PP 3CABOS CALC.1CA;UN;0.0
V70X100;V70X100 INST DE VALA DE 70 X 100 CM;UN;0.0
V70X110;V70X110 INST DE VALA DE 70 X 110 CM;UN;0.0
V70X130;V70X130 INST DE VALA DE 70 X 130 CM;UN;0.0
V70X80;V70X80 INST DE VALA DE 70 X 80 CM;UN;0.0
V8/A;V8/A INST VALA 50X100 AS.4CABOS CALÇ.2CA;UN;0.0
V8/C;V8/C INST VALA 50X100 C.4CABOS CALÇ.2CAM;UN;0.0
V8/G;V8/G INST VALA 50X100 GR.4CABOS CALÇ.2CA;UN;0.0
V8/P;V8/P INST VALA 50X100 P.4CABOS CALÇ.2CAM;UN;0.0
V8/PP;V8/PP INST VALA 50X100 PP.4CABOS CALÇ.2C;UN;0.0
V9/A;V9/A INST VALA 70X100 A.5/6CABOS CALÇ.2C;UN;0.0
V9/C;V9/C INST VALA 70X100 C.5/6CABOS CALÇ.2C;UN;0.0
V9/G;V9/G INST VALA 70X100 G.5/6CABOS CALÇ.2C;UN;0.0
V9/P;V9/P INST VALA 70X100 P.5/6CABOS CALÇ.2C;UN;0.0
V9/PP;V9/PP INST VALA 70X100 PP.5/6CABO CALÇ2A;UN;0.0
VALA-P;VALA-P INST VALA NO PASSEIO;UN;0.0
VALA-S;VALA-S INST VALA SEM RECAPEAMENTO;UN;0.0
VALA-V;VALA-V INST VALA NA VIA;UN;0.0
ADK/10;ADK/10   INST VOL. CONCRETO P/ANCOR. LA;UN;0.0
ADK/11;ADK/11   INST VOL. CONCRETO P/ANCOR. LA;UN;0.0
ADK/12;ADK/12   INST VOL. CONCRETO P/ANCOR. LA;UN;0.0
ADK/13;ADK/13   INST VOL. CONCRETO P/ANCOR. LA;UN;0.0
ADK/14;ADK/14   INST VOL. CONCRETO P/ANCOR. LA;UN;0.0
ADK/15;ADK/15   INST VOL. CONCRETO P/ANCOR. LA;UN;0.0
ADK/16;ADK/16   INST VOL. CONCRETO P/ANCOR. LA;UN;0.0
ADK/17;ADK/17   INST VOL. CONCRETO P/ANCOR. LA;UN;0.0
ADK/18;ADK/18   INST VOL. CONCRETO P/ANCOR. LA;UN;0.0
ADK/19;ADK/19   INST VOL. CONCRETO P/ANCOR. LA;UN;0.0
ADK/2;ADK/2    INST VOL. CONCRETO P/ANCOR. LA;UN;0.0
ADK/20;ADK/20   INST VOL. CONCRETO P/ANCOR. LA;UN;0.0
ADK/3;ADK/3    INST VOL. CONCRETO P/ANCOR. LA;UN;0.0
ADK/4;ADK/4    INST VOL. CONCRETO P/ANCOR. LA;UN;0.0
ADK/5;ADK/5    INST VOL. CONCRETO P/ANCOR. LA;UN;0.0
ADK/6;ADK/6    INST VOL. CONCRETO P/ANCOR. LA;UN;0.0
ADK/7;ADK/7    INST VOL. CONCRETO P/ANCOR. LA;UN;0.0
ADK/8;ADK/8    INST VOL. CONCRETO P/ANCOR. LA;UN;0.0
ADK/9;ADK/9    INST VOL. CONCRETO P/ANCOR. LA;UN;0.0
REN/1;REN/1    RET  RENIVELAMENTO TAMPAO DESE;UN;0.0
REN/2;REN/2    RET  RENIVELAMENTO TAMPAO DESE;UN;0.0
REN/3;REN/3    INST RENIVELAMENTO TAMPAO DESE;UN;0.0
REN/4;REN/4    INST RENIVELAMENTO TAMPAO DESE;UN;0.0
REN/5;REN/5    INST RENIVELAMENTO TAMPAO DESE;UN;0.0
REN/6;REN/6    INST RENIVELAMENTO TAMPAO DESE;UN;0.0
RENICTC;RENICTC INST RENIV.TAMPÃO DE CT-CONCRETO;UN;0.0
RENICTF;RENICTF INST RENIV.TAMPÃO DE CT - FERRO;UN;0.0
15477;15477 INST CAIXA DE INSPEÇÃO DESº 15477;UN;0.0
15478;15478 INST CAIXA DE INSPEÇÃO DESº 15478;UN;0.0
15479;15479 INST CAIXA DE INSPEÇÃO DESº 15479;UN;0.0
15481;15481 INST CAIXA DE INSPEÇÃO DESº 15481;UN;0.0
15482;15482 INST CAIXA DE INSPEÇÃO DESº 15482;UN;0.0
15476/CA;15476/CA INST CAIXA/INSPECAO-CENTRO/ASF;UN;0.0
15476/CC;15476/CC INST CAIXA/INSPECAO-CENTRO/CIM;UN;0.0
15476/CG;15476/CG INST CAIXA/INSPECAO-CENTRO/GRA;UN;0.0
15476/CP;15476/CP INST CAIXA/INSPECAO-CENTRO/PAR;UN;0.0
15476/FA;15476/FA INST CAIXA/INSPECAO-VALE/ASFAL;UN;0.0
15476/FC;15476/FC INST CAIXA/INSPECAO-VALE/CIMEN;UN;0.0
15476/FG;15476/FG INST CAIXA/INSPECAO-VALE/GRAMA;UN;0.0
15476/FP;15476/FP INST CAIXA/INSPECAO-VALE/PARAL;UN;0.0
15477/CA;15477/CA INST CAIXA/INSPECAO-CENTRO/ASF;UN;0.0
15477/CC;15477/CC INST CAIXA/INSPECAO-CENTRO/CIM;UN;0.0
15477/CG;15477/CG INST CAIXA/INSPECAO-CENTRO/GRA;UN;0.0
15477/CP;15477/CP INST CAIXA/INSPECAO-CENTRO/PAR;UN;0.0
15477/FA;15477/FA INST CAIXA/INSPECAO-VALE/ASFAL;UN;0.0
15477/FC;15477/FC INST CAIXA/INSPECAO-VALE/CIMEN;UN;0.0
15477/FG;15477/FG INST CAIXA/INSPECAO-VALE/GRAMA;UN;0.0
15477/FP;15477/FP INST CAIXA/INSPECAO-VALE/PARAL;UN;0.0
15478/CA;15478/CA INST CAIXA/INSPECAO-CENTRO/ASF;UN;0.0
15478/CC;15478/CC INST CAIXA/INSPECAO-CENTRO/CIM;UN;0.0
15478/CG;15478/CG INST CAIXA/INSPECAO-CENTRO/GRA;UN;0.0
15478/CP;15478/CP INST CAIXA/INSPECAO-CENTRO/PAR;UN;0.0
15478/FA;15478/FA INST CAIXA/INSPECAO-VALE/ASFAL;UN;0.0
15478/FC;15478/FC INST CAIXA/INSPECAO-VALE/CIMEN;UN;0.0
15478/FG;15478/FG INST CAIXA/INSPECAO-VALE/GRAMA;UN;0.0
15478/FP;15478/FP INST CAIXA/INSPECAO-VALE/PARAL;UN;0.0
15479/CA;15479/CA INST CAIXA/INSPECAO-CENTRO/ASF;UN;0.0
15479/CC;15479/CC INST CAIXA/INSPECAO-CENTRO/CIM;UN;0.0
15479/CG;15479/CG INST CAIXA/INSPECAO-CENTRO/GRA;UN;0.0
15479/CP;15479/CP INST CAIXA/INSPECAO-CENTRO/PAR;UN;0.0
15479/FA;15479/FA INST CAIXA/INSPECAO-VALE/ASFAL;UN;0.0
15479/FC;15479/FC INST CAIXA/INSPECAO-VALE/CIMEN;UN;0.0
15479/FG;15479/FG INST CAIXA/INSPECAO-VALE/GRAMA;UN;0.0
15479/FP;15479/FP INST CAIXA/INSPECAO-VALE/PARAL;UN;0.0
15479/NG;15479/NG INST CAIXA/INSPECAO-NORTE/GRAM;UN;0.0
15479/SA;15479/SA INST CAIXA/INSPECAO-GRANDE RIO;UN;0.0
15481/CA;15481/CA INST CAIXA/INSPECAO-CENTRO/ASF;UN;0.0
15481/CC;15481/CC INST CAIXA/INSPECAO-CENTRO/CIM;UN;0.0
15481/CG;15481/CG INST CAIXA/INSPECAO-CENTRO/GRA;UN;0.0
15481/CP;15481/CP INST CAIXA/INSPECAO-CENTRO/PAR;UN;0.0
15481/FA;15481/FA INST CAIXA/INSPECAO-VALE/ASFAL;UN;0.0
15481/FC;15481/FC INST CAIXA/INSPECAO-VALE/CIMEN;UN;0.0
15481/FG;15481/FG INST CAIXA/INSPECAO-VALE/GRAMA;UN;0.0
15481/FP;15481/FP INST CAIXA/INSPECAO-VALE/PARAL;UN;0.0
15482/CA;15482/CA INST CAIXA/INSPECAO-CENTRO/ASF;UN;0.0
15482/CC;15482/CC INST CAIXA/INSPECAO-CENTRO/CIM;UN;0.0
15482/CG;15482/CG INST CAIXA/INSPECAO-CENTRO/GRA;UN;0.0
15482/CP;15482/CP INST CAIXA/INSPECAO-CENTRO/PAR;UN;0.0
15482/FA;15482/FA INST CAIXA/INSPECAO-VALE/ASFAL;UN;0.0
15482/FC;15482/FC INST CAIXA/INSPECAO-VALE/CIMEN;UN;0.0
15482/FG;15482/FG INST CAIXA/INSPECAO-VALE/GRAMA;UN;0.0
15482/FP;15482/FP INST CAIXA/INSPECAO-VALE/PARAL;UN;0.0
476/CPP;476/CPP  INST CAIXA/INSPECAO-CENTRO/P.P;UN;0.0
476/FPP;476/FPP  INST CAIXA/INSPECAO-VALE/P.POR;UN;0.0
477/CPP;477/CPP  INST CAIXA/INSPECAO-CENTRO/P.P;UN;0.0
477/FPP;477/FPP  INST CAIXA/INSPECAO-VALE/P.POR;UN;0.0
478/CPP;478/CPP  INST CAIXA/INSPECAO-CENTRO/P.P;UN;0.0
478/FPP;478/FPP  INST CAIXA/INSPECAO-VALE/P.POR;UN;0.0
479/CPP;479/CPP  INST CAIXA/INSPECAO-CENTRO/P.P;UN;0.0
479/FPP;479/FPP  INST CAIXA/INSPECAO-VALE/P.POR;UN;0.0
481/CPP;481/CPP  INST CAIXA/INSPECAO-CENTRO/P.P;UN;0.0
481/FPP;481/FPP  INST CAIXA/INSPECAO-VALE/P.POR;UN;0.0
482/CPP;482/CPP  INST CAIXA/INSPECAO-CENTRO/P.P;UN;0.0
482/FPP;482/FPP  INST CAIXA/INSPECAO-VALE/P.POR;UN;0.0
CI5020;CI5020   INST CX./INSP-PRE-MOLD.CONC.S/;UN;0.0
CI5021;CI5021   INST CAIXA/INSPECAO-CONC.ARM.S;UN;0.0
15494;15494 INST CAIXA DE INSPEÇÃO DESº 15494;UN;0.0
15496;15496 INST CAIXA DE INSPEÇÃO DESº 15496;UN;0.0
15497;15497 INST CAIXA DE INSPEÇÃO DESº 15497;UN;0.0
15494/CA;15494/CA INST CAIXA-INSPECAO/CENTRO-ASF;UN;0.0
15494/CC;15494/CC INST CAIXA-INSPECAO/CENTRO-CIM;UN;0.0
15494/CG;15494/CG INST CAIXA-INSPECAO/CENTRO-GRA;UN;0.0
15494/CP;15494/CP INST CAIXA-INSPECAO/CENTRO-PAR;UN;0.0
15494/FA;15494/FA INST CAIXA-INSPECAO/VALE-ASFAL;UN;0.0
15494/FC;15494/FC INST CAIXA-INSPECAO/VALE-CIMEN;UN;0.0
15494/FG;15494/FG INST CAIXA-INSPECAO/VALE-GRAMA;UN;0.0
15494/FP;15494/FP INST CAIXA-INSPECAO/VALE-PARAL;UN;0.0
15496/CA;15496/CA INST CAIXA-INSPECAO/CENTRO-ASF;UN;0.0
15496/CC;15496/CC INST CAIXA-INSPECAO/CENTRO-CIM;UN;0.0
15496/CG;15496/CG INST CAIXA-INSPECAO/CENTRO-GRA;UN;0.0
15496/CP;15496/CP INST CAIXA-INSPECAO/CENTRO-PAR;UN;0.0
15496/FA;15496/FA INST CAIXA-INSPECAO/VALE-ASFAL;UN;0.0
15496/FC;15496/FC INST CAIXA-INSPECAO/VALE-CIMEN;UN;0.0
15496/FG;15496/FG INST CAIXA-INSPECAO/VALE-GRAMA;UN;0.0
15496/FP;15496/FP INST CAIXA-INSPECAO/VALE-PARAL;UN;0.0
15497/CA;15497/CA INST CAIXA-INSPECAO/CENTRO-ASF;UN;0.0
15497/CC;15497/CC INST CAIXA-INSPECAO/CENTRO-CIM;UN;0.0
15497/CG;15497/CG INST CAIXA-INSPECAO/CENTRO-GRA;UN;0.0
15497/CP;15497/CP INST CAIXA-INSPECAO/CENTRO-PAR;UN;0.0
15497/FA;15497/FA INST CAIXA-INSPECAO/VALE-ASFAL;UN;0.0
15497/FC;15497/FC INST CAIXA-INSPECAO/VALE-CIMEN;UN;0.0
15497/FG;15497/FG INST CAIXA-INSPECAO/VALE-GRAMA;UN;0.0
15497/FP;15497/FP INST CAIXA-INSPECAO/VALE-PARAL;UN;0.0
494/CPP;494/CPP  INST CAIXA-INSPECAO/CENTRO-PED;UN;0.0
494/FPP;494/FPP  INST CAIXA-INSPECAO/VALE-PED.P;UN;0.0
496/CPP;496/CPP  INST CAIXA-INSP/CENTRO-PEDRA P;UN;0.0
496/FPP;496/FPP  INST CAIXA-INSP/VALE-PEDRA POR;UN;0.0
497/CPP;497/CPP  INST CAIXA-INSP/CENTRO-PEDRA P;UN;0.0
497/FPP;497/FPP  INST CAIXA-INSPECAO/VALE-PEDRA;UN;0.0
ATER/CT;ATER/CT  INST ATERRAMENTO DA CT(MAO DE;UN;0.0
ATER/CT1;ATER/CT1 INST ATERRAMENTO DA CT (N.HAST;UN;0.0
ATER/CT2;ATER/CT2 INST ATERRAMENTO CT(CABO PERIM;UN;0.0
ATER/CT3;ATER/CT3 RET  ATRRAMENTO CT(CABO PERIME;UN;0.0
ATER120;ATER120 INST ATERRAMENTO CABO 120 CU;UN;0.0
ATER240;ATER240 INST ATERRAMENTO CABO 240 CU;UN;0.0
ATER70;INST ATERRAMENTO EM CABO 70MM2 CU;UN;0.0
BASE4V;BASE4V INST BASE PARA CHAVE A GAS 4 VIAS;UN;0.0
BASECHA;BASECHA INST BASE P/CHAVE A GAS 3 VIAS;UN;0.0
BBT;BBT      RET  BARRA DE BT;UN;0.0
BBT/240;BBT/240  RET  BARRA BT TRAFO 150 (CAB0;UN;0.0
BBT/800;BBT/800  INST BARRA DE BT (CABO 800 MM2;UN;0.0
BBT240-1;BBT240-1 RET  BARRA BT TRAFO 150 PAREDE;UN;0.0
BBT240-2;BBT240-2 RET  BARRA BT TRAFO 150 TETO-V;UN;0.0
BBT240-3;BBT240-3 RET  BARRA BT FIX.PAREDE C/CAN;UN;0.0
BBT800-1;BBT800-1 INST BARRA DE BT - FIXACAO NO;UN;0.0
BBT800-2;BBT800-2 INST BARRA DE BT - FIXACAO PAR;UN;0.0
BBT800-3;BBT800-3 INST BARRA UNIC.BT FIX.PARD.C/;UN;0.0
BBT800-4;BBT800-4 INST BARRA BT FIX. PISO SPOT-N;UN;0.0
BBT800-5;BB800-5 INST BARRA DUPL BT/800 C/CANT;UN;0.0
BBT800-6;BBT800-6 INST BARRA DUPLA BT/800 NET WO;UN;0.0
BIBT/6;BIBT/6 INST BARRAMENTO ISOLADO BT;UN;0.0
BIBT/8;BIBT/8 INST BARRAMENTO BLINDADO-BT 8V;UN;0.0
BNI;BNI      INST BAR.DE NEUTRO ISOLADO-380;UN;0.0
BNI/800;BNI/800  INST BARRA DE NEUTRO ISOLADO (;UN;0.0
BNI800-1;BNI800-1 INST BARRA NEUTRO ISOLADO FIX-;UN;0.0
BNI800-2;BNI800-2 INST BARRA NEUTRO ISOLADO FIX-;UN;0.0
BNI800-3;BNI800-3 INST BARRA NEUTRO ISOLADO FIX-;UN;0.0
BRP;BRP      INST BRACADEIRA PLASTICA;UN;0.0
BTX/CAL;BTX/CAL  INST BTX EM CAIXA MANOBRA 95MM;UN;0.0
BTX/CCU;BTX/CCU  INST BTX EM CAIXA MANOBRA 50MM;UN;0.0
BTX/CTAL;BTX/CTAL INST BTX EM CT - 95 MM2 AL;UN;0.0
BTX/CTCU;BTX/CTCU INST BTX EM CT - 50 MM2 CU;UN;0.0
CAL95;CAL95    INST CABO XLPE AL 95 MM2 15KV;UN;0.0
CCM;CCM      INST CABO COMANDO DO EPAT-380/;UN;0.0
CCU120;CCU120   INST CABO XLPE CU 15KV 120MM2;UN;0.0
CCU240;CCU240   INST CABO XLPE CU 240MM2 15KV;UN;0.0
CCU50;CCU50    RET  CABO XLPE CU 50 MM2 15KV;UN;0.0
CCU630;CCU630   INST CABO CU ISOL.EPR/XLPE 1X6;UN;0.0
CDM1;CDM1 INST CAIXA DER.MODULAR SIMPLES BT;UN;0.0
CDM2;CDM2 INST CAIXA DERIV.MODULAR DUPLA BT;UN;0.0
CDT;CDT      INST CONECTOR TIPO T PARA DERI;UN;0.0
CG-2I2P;CG-2I2P INST CHAVE A GAS 2I+2P;UN;0.0
CG-2IP;CG-2IP INST CHAVE A GAS 2I+P;UN;0.0
CG-3I;CG-3I INST CHAVE A GAS 3I;UN;0.0
CG-3IP;CG-3IP INST CHAVE A GAS 3I+1P;UN;0.0
CG-4I;CG-4I INST CHAVE A GAS 4 VIAS S/PROTEÇÃO;UN;0.0
CG-I;CG-I RET  CHAVE GAS MOD.400A 1 VIA CARGA;UN;0.0
CG-P;CG-P INST CHAVE GAS MOD.400A 1 VIA PROT.;UN;0.0
CG/CM;CG/CM    RET  INST. CHAVE SF6 EM CX. MA;UN;0.0
CG/CT;CG/CT    RET  INST.CHAVE GAS CAM.TRANSF;UN;0.0
CO/2D;CO/2D   RET  CHAVE OLEO 2 DIR. S/AFAST;UN;0.0
CO/3D;CO/3D    RET  CHAVE OLEO 3 DIR. S/AFAST;UN;0.0
CT50-177;CT50-177 RET  CABECA TERMINAL MONO PB C;UN;0.0
CT50A350;CT50A350 RET  CABECA TERMINAL TRIF.CU P;UN;0.0
DTAC;DTAC INST DISPOSITIVO TRANSF.AUTOM.CARGA;UN;0.0
FECHADOP;FECHADOP RET  FECHADURA OPERAÇÃO CT;UN;0.0
FMT-16;FMT-16 RET  FUSÍVEL MT 16A EM CHAVE GÁS;UN;0.0
FMT-31,5;FMT-31,5 RET  FUSÍVEL MT 31,5A EM CH.GAS;UN;0.0
FMT-40;FMT-40 INST FUSÍVEL MT 40A EM CHAVE GAS;UN;0.0
FMT-63;FMT-63 RET  FUSÍVEL MT 63A EM CHAVE GAS;UN;0.0
FNH125;FNH125 INST FUSÍVEL NH DE 125A;UN;0.0
FNH250;FNH250 INST FUSÍVEL NH DE 250A;UN;0.0
FNH400;FNH400 INST FUSÍVEL NH DE 400A;UN;0.0
FNH630;FNH630 INST FUSÍVEL NH DE 630A;UN;0.0
FP4CH;FP4CH    INST BARRAMENTO DER.BT C/4CH.S;UN;0.0
FX/BTG;FX/BTG   INST FIXACAO DO BTG ATE 4 BLOC;UN;0.0
IL/CT;IL/CT    INST ILUMINACAO DA CT;UN;0.0
IL/CT-1;IL/CT-1  INST CABO P/ILUMINACAO DA CT;UN;0.0
IL/CT-2;IL/CT-2  INST ADICIONAL ILUM.CT-LAMPADA;UN;0.0
IL/CT-3;IL/CT-3  INST ADICIONAL ILUM.CT-LAMPADA;UN;0.0
IND-DEF;IND-DEF INST INDICADOR DEFEITO LUMINOSO;UN;0.0
LBBT;LBBT     INST CONEXAO A BARRA DE BT;UN;0.0
LBNI;LBNI     INST LIG.DO NEUTRO ISOLADO-380;UN;0.0
LTBT;LTBT     INST UNIAO BT(800MM)(TRAFO 300;UN;0.0
LTBT/1;LTBT/1   INST UNIAO BT(800MM)(TRAFO 500;UN;0.0
LTBT/2;LTBT/2   RET  UNIAO DE BT (240MM)(TRAFO;UN;0.0
LTBT/3;LTBT/3   RET  UNIAO BT (800MM)(TRAFO 15;UN;0.0
LTBT/4;LTBT/4   RET  UNIAO 800MM/1000KVA CABINE;UN;0.0
LTBT/5;LTBT/5   INST UNIAO-800MM/DUPLA-1000KVA;UN;0.0
LTBT/6;LTBT/6   INST UNIAO 800MM/DUPLA-1000KVA;UN;0.0
LTBT150;LTBT150 INST LIGAÇÃO TRAFO 150 AO BARRAM;UN;0.0
LTBT300;LTBT300 INST LIGAÇÃO TRAFO 300 AO BARRAM;UN;0.0
LTBT75;LTBT75 INST LIGAÇÃO TRAFO 75 AO BARRAM;UN;0.0
LTDCA600;"LTDCA600 RET  TERM.DESC.600A;240MM2-AL";UN;0.0
LTDCC/A;LTDCC/A  INST TERM.ELBOW 200A-50MM2 CU/;UN;0.0
LTDCC/B;LTDCC/B  INST TERM.ELBOW 200A-95MM2 AL/;UN;0.0
LTDCC600;LTDCC600 RET  TERM. DESC. 600A,240MM2_C;UN;0.0
LTDCT/A;LTDCT/A  INST TERM.ELBOW 200A-50MM2 CU/;UN;0.0
LTDCT/B;LTDCT/B  INST TERM.ELBOW 200A-95MM2 AL/;UN;0.0
LTDR200;LTDR200 INST TERMINAL DESC.R.2OOA CU 50;UN;0.0
LTPA/1;LTPA/1   INST LIG.TRAFO-PROT.ACOP.B.UNI;UN;0.0
LTPA/1S;LTPA/1S INST LIG.TR-PROT.ACOP.B.UN-Seri;UN;0.0
LTPA/2;LTPA/2   RET  LIG.TRAFO-PROT.ACOP.B.DUP;UN;0.0
LTPA/3;LTPA/3   INST LIG.TRAFO-PROT.ACOP.B.DUP;UN;0.0
LTPD/1;LTPD/1   INST LIG.TRAFO-PROT.DESC.B.UNI;UN;0.0
LTPD/2;LTPD/2   RET  LIG.TRAFO-PROT.DESC.B.DUP;UN;0.0
LTPD/3;LTPD/3   INST LIG.TRAFO-PROT.DESC.B.DUP;UN;0.0
LTPD/4;LTPD/4   RET  LIG.TRAFO-PROT.DESC.B.UNI;UN;0.0
MDBT-300;MDBT-300 RET  MÓDULO DER.BT EM CT 1X300;UN;0.0
MDBT-500;MDBT-500  RET MÓDULO DERIV. BT-CT1X500;UN;0.0
MDBT1000;MDBT1000 INST MÓDULO DERIV. BT-CT 1X1000;UN;0.0
PNW1200P;PNW1200P INST PROTETOR NETWORK 1200A PA;UN;0.0
PNW1600A;PNW1600A INST PROTETOR NETWORK 1600A AC;UN;0.0
PNW1600P;PNW1600P INST PROTETOR NETWORK 1600A PA;UN;0.0
PNW1875P;PNW1875P INST PROTETOR NETWORK 1875A;UN;0.0
PNW3000A;PNW3000A RET  PROTETOR NETWORK 3000A AC;UN;0.0
PT500-3V;PT500-3V INST POSTO TRANSF.500KVA-3 VIAS;UN;0.0
PT500-4V;PT500-4V INST POSTO TRANSF.500KVA-4 VIAS;UN;0.0
RIB200;RIB200 INST RECEPTÁCULO ISOL.BLIND. 200A;UN;0.0
SCAB;SCAB     INST ARMACAO/CABO AT/BT S/PARA;UN;0.0
SCAT;SCAT     INST ARMACAO PARA CABO DE AT E;UN;0.0
SCAT/1;SCAT/1   INST DEGRAU P/SUST.CABO (120MM;UN;0.0
SCAT/2;SCAT/2   INST DEGRAU P/SUST.CABO (210MM;UN;0.0
SCAT/3;SCAT/3   INST DEGRAU P/SUST. CABO (295;UN;0.0
SCAT/4;SCAT/4   INST DEGRAU P/SUST. CABO (495;UN;0.0
T1000216;T1000216 INST TRAFO 1000KVA 13,2KV/216,5;UN;0.0
T1000APL;T1000APL INST TRAFO SUB.1000KVA 13KV/38;UN;0.0
T1000PL;T1000PL  INST TRAFO SUBT.1000KVA/220 PL;UN;0.0
TR/1000;TR/1000  RET  TRAFO SUBT.1000KVA 13.8KV;UN;0.0
TR/150;TR/150   RET  TRAFO SUBT.150KVA 13.8KV;UN;0.0
TR/150PL;TR/150PL INST TRAFO SUBT.150KVA 13KV PL;UN;0.0
TR/300;TR/300   RET  TRAFO SUBT.300KVA 13.8KV;UN;0.0
TR/300PL;TR/300PL INST TRAFO SUBT.300KVA 13KV PL;UN;0.0
TR/500;TR/500   RET  TRAFO SUBT.500KVA 13.8KV;UN;0.0
TR/500PL;TR/500PL INST TRAFO SUBT.500KVA 13KV PL;UN;0.0
TR300APL;TR300APL INST TRAFO SUB.400KVA 13KV/380-;UN;0.0
TR500RD;TR500RD INST TRAFO 500KVA SIST.RADIAL;UN;0.0
TRP/75RA;TRP/75RA INST TRAFO PEDESTAL 75KVA-13,2;UN;0.0
TRP/FE;TRP/FE   INST TRIPE P/FIX.ELBOW TRAF/CE;UN;0.0
TRP150RA;TRP150RA INST TRAFO PEDEST. 150KVA-13,2;UN;0.0
TRP150RS;TRP150RS RET  TRAFO PEDEST. 150KVA-13,2;UN;0.0
TRP300RA;TRP300RA INST TRANSF. PEDESTAL 300KVA;UN;0.0
TRP300RS;TRP300RS RET  TRAFO PEDEST. 300KVA-13,2;UN;0.0
TT50S;TT50S INST TERM.DESC.BLIN.P/CABOS 50mm²;UN;0.0
TT95;TT95 INST TERM.DESC.BLIND.600A-95mm² Al;UN;0.0
VT/CT;VT/CT    INST LIGACAO DO VENTILADOR DA;UN;0.0
VT/CT-1;VT/CT-1  INST CABO P/LIG. DO VENTILADOR;UN;0.0
C185/35R;C185/35R RET  CABO XLPE CU 185MM2 35KV;UN;0.0
CC120/35;CC120/35 INST CABO XLPE CU 120MM2 35KV;UN;0.0
CC12035R;CC12035R RET  CABO XLPE CU 120MM2 35KV;UN;0.0
CC185/35;CC185/35 INST CABO XLPE CU 185MM2 35KV;UN;0.0
CC800/35;CC800/35 INST CABO XLPE CU 800MM2 35KV;UN;0.0
STP/AT;STP/AT   INST STROP DE ARAME DE FE.GALV;UN;0.0
C126-325;C126-325 INST CABO EPR 25KV CU 3X126MM2;UN;0.0
C177-325;C177-325 RET  CABO PICC 25KV CU 3X177MM;UN;0.0
CRAT/P;CRAT/P INST CAB.RES.ENF.35KV 120CU EPR/X;UN;0.0
CRAT/Q;CRAT/Q INST CAB.RES.ENF.35KV 185CU EPR/X;UN;0.0
ERAT/EC7;ERAT/EC7 INST EMEND.ENFIT.R 120 CU 20/35;UN;0.0
ERAT/EC8;ERAT/EC8 INST EMEND.ENFIT.R.185 CU 20/35;UN;0.0
ERAT/EC9;ERAT/EC9 INST EMEN.ENF.R.185/120 CU20/35;UN;0.0
ERAT/ET7;ERAT/ET7 INST EMEN.E.R.3X177/120 CU20/35;UN;0.0
ERAT/ET8;ERAT/ET8 INST EMEN.E.R.3X177/185 CU20/35;UN;0.0
ERAT/MC4;ERAT/MC4 INST EMENDA M.RETA 20/35 120 CU;UN;0.0
ERAT/MC5;ERAT/MC5 INST EMENDA M.RETA 20/35 185 CU;UN;0.0
ERAT/MC8;ERAT/MC8 INST EMENDA M.RET 20/35 185/120;UN;0.0
EDAT/EC7;EDAT/EC7 INST EME.E.D.120/120/120CU20/35;UN;0.0
EDAT/EC8;EDAT/EC8 INST EME.E.D.185/185/185CU20/35;UN;0.0
EDAT/EC9;EDAT/EC9 INST EME.E.D.185/185/120CU20/35;UN;0.0
CTAT/P;CTAT/P   INST CABECA TERMINAL 35KV 120M;UN;0.0
CTAT/Q;CTAT/Q   INST CABECA TERMINAL 35KV 185M;UN;0.0
CTAT/R;CTAT/R   INST CABECA TERMINAL 35KV(800M;UN;0.0
CTAT/S;CTAT/S   RET  CABECA TERMINAL 35KV 177M;UN;0.0
TC/H;TC/H INST TERMINAL CONSUMIDOR 120MM2 35K;UN;0.0
TC/I;TC/I INST TERMINAL CONSUMIDOR 185MM2 35K;UN;0.0
CAPAMT;CAPAMT INST CAPA PROTETORA P/EMENDAS MT;UN;0.0
TOMADACI;TOMADACI INST TOMADA PARA CAIXA DE INSP;UN;0.0
EBT1635;EBT1635  INST EMENDA RTM BT 4X16 - 4(1X;UN;0.0
EBT2535;EBT2535  INST EMENDA RTM BT 4X25 - 4(1X;UN;0.0
EBT50120;EBT50120 INST EMENDA RTM BT 4X50-4(1X120;UN;0.0
BR-LG1;BR-LG1 INST LIG.GAB.PEDESTAL P/01MEDIDOR;UN;0.0
BR-LG2;BR-LG2 INST LIG.GAB.PEDESTAL 02MEDIDORES;UN;0.0
GAMEDPED;GAMEDPED INST GABINETE MED.P/CONS.BT;UN;0.0
CA24015R;CA24015R RET  CABO XLPE AL 240MM2 15KV;UN;0.0
CA400/15;CA400/15 INST CABO XLPE AL 400MM2 15KV;UN;0.0
CA40015R;CA40015R RET  CABO XLPE AL 400MM2 15KV;UN;0.0
CA95-15R;CA95-15R RET  CABO XLPE AL 95 MM2 15KV;UN;0.0
CAL24015;CAL24015 INST CABO XLPE AL 240MM2 15KV;UN;0.0
CAL95/15;CAL95/15 INST CABO XLPE AL 95 MM2 15KV;UN;0.0
CC100015;CC100015 INST CABO XLPE CU 1000MM2 15KV;UN;0.0
CC120/15;CC120/15 INST CABO XLPE CU 120MM2 15KV;UN;0.0
CC12015R;CC12015R RET  CABO XLPE CU 120MM2 15KV;UN;0.0
CC240/15;CC240/15 INST CABO XLPE CU 240MM2 15KV;UN;0.0
CC24015R;CC24015R RET  CABO XLPE CU 240MM2 15KV;UN;0.0
CC50/15R;CC50/15R RET  CABO XLPE CU 50 MM2 15KV;UN;0.0
CC630/15;CC630/15 INST CABO XLPE CU 630MM2 15KV;UN;0.0
CCU50/15;CCU50/15 RET  CABO XLPE CU 50 MM2 15KV;UN;0.0
C126-313;C126-313 RET  CABO EPR 13KV CU 3X126MM2;UN;0.0
C150-313;C150-313 RET  CABO PICC 13KV CU 3X150MM;UN;0.0
C1773313;C1773313 RET  CABO PICC 13KV CU 3X177MM;UN;0.0
C253-313;C253-313 RET  CABO EPR 13KV CU 3X253MM2;UN;0.0
CA380313;CA380313 RET  CABO EPR 13KV AL 3X380MM2;UN;0.0
CA85-313;CA85-313 RET  CABO EPR 13KV AL 3X85MM2;UN;0.0
CC120/13;CC120/13 RET  CABO PICC 13KV CU 1X120MM;UN;0.0
CC120313;CC120313 RET  CABO PICC 13KV CU 3X120MM;UN;0.0
CC177/13;CC177/13 RET  CABO PICC 13KV CU 1X177MM;UN;0.0
CC50-313;CC50-313 RET  CABO PICC 13KV CU 3X50MM2;UN;0.0
CC608/13;CC608/13 INST CABO EPR 13KV CU 1X608MM2;UN;0.0
CCU50/13;CCU50/13 RET  CABO PICC 13KV CU 1X50MM2;UN;0.0
CRAT/A;CRAT/A INST CAB.RES.ENF.15KV 50CU EPR/XL;UN;0.0
CRAT/B;CRAT/B   INST CABECA RESIST. 15KV 95MM2;UN;0.0
CRAT/C;CRAT/C INST CAB.RES.ENF.15KV 120CU EPR/X;UN;0.0
CRAT/D;CRAT/D   INST CABECA RESIST. AL  15KV 2;UN;0.0
CRAT/E;CRAT/E INST CAB.RES.ENF.15KV 240CU EPR/X;UN;0.0
CRAT/F;CRAT/F   INST CABECA RESIT. 15KV 400MM2;UN;0.0
CRAT/I;CRAT/I   INST CABECA RESISTENCIA 15KV 5;UN;0.0
CRAT/J;CRAT/J   INST CABECA RESIST.15KV 3X50 P;UN;0.0
CRAT/L;CRAT/L   INST CABECA RESIST. 15KV 3X120;UN;0.0
CRAT/MAA;CRAT/MAA INST CAB.R.MOL.15KV 95AL ERP/XL;UN;0.0
CRAT/MAB;CRAT/MAB INST CAB.R.MOL.15KV 240AL EPR/X;UN;0.0
CRAT/MCA;CRAT/MCA INST CAB.R.MOL.15KV 50CU EPR/XL;UN;0.0
CRAT/MCB;CRAT/MCB INST CAB.R.MOL.15KV 120CU EPR/X;UN;0.0
CRAT/MCC;CRAT/MCC INST CAB.R.MOL.15KV 240CU EPR/X;UN;0.0
CRAT/MTA;CRAT/MTA INST CAB.R.MOL.15KV 50CU PICC;UN;0.0
CRAT/MTB;CRAT/MTB INST CAB.R.MOL.15KV 177CU PICC;UN;0.0
CRAT/N;CRAT/N   INST CABECA DE RESIST 15KV 177;UN;0.0
CRAT/O;CRAT/O   INST CABECA RESIST. 15KV 3X177;UN;0.0
ERAT/A-J;ERAT/A-J INST EMEND RET.15KV 50EPR/3X50P;UN;0.0
ERAT/A-L;ERAT/A-L INST EMENDA R.15KV 50EPR/3X120P;UN;0.0
ERAT/C-M;ERAT/C-M INST EMEN.RET.ENF15KV 3X150/120;UN;0.0
ERAT/E-L;ERAT/E-L INST EMEN RET.ENF15KV;UN;0.0
ERAT/E-M;ERAT/E-M INST EMEN RET ENF 15KV3X150/240;UN;0.0
ERAT/EA1;ERAT/EA1 INST EMEND.ENFI.R.95MM2 AL12/20;UN;0.0
ERAT/EA2;ERAT/EA2 INST EMENDA ENFIT.R.240 AL12/20;UN;0.0
ERAT/EA3;ERAT/EA3 INST EMENDA ENFIT.R.400 AL12/20;UN;0.0
ERAT/EA4;ERAT/EA4 INST EMEND.ENF.R.240/95 AL12/20;UN;0.0
ERAT/EA5;ERAT/EA5 INST EMEN.ENF.R.400/240 AL12/20;UN;0.0
ERAT/EB1;ERAT/EB1 INST EMENDA ENF..RETA 400AL/240;UN;0.0
ERAT/EB2;ERAT/EB2 INST EME ENF RET 120CU/240AL 12;UN;0.0
ERAT/EB3;ERAT/EB3 INST EMENDA ENF..RETA 50CU/95AL;UN;0.0
ERAT/EC1;ERAT/EC1 INST EMENDA ENFIT.RETA 50 12/20;UN;0.0
ERAT/EC3;ERAT/EC3 INST EMEND.ENFIT.R.240 CU 12/20;UN;0.0
ERAT/EC4;ERAT/EC4 INST EMEND.ENF.R.120/50 CU12/20;UN;0.0
ERAT/EC5;ERAT/EC5 INST EMEND.ENF.R.240/50 CU12/20;UN;0.0
ERAT/EC6;ERAT/EC6 INST EMEN.ENF.R.240/120 CU12/20;UN;0.0
ERAT/ET1;ERAT/ET1 INST EMEN.E.R.3X120/120 CU12/20;UN;0.0
ERAT/ET2;ERAT/ET2 INST EMEN.E.R.3X177/120 CU12/20;UN;0.0
ERAT/ET3;ERAT/ET3 INST EMEN.E.R.3X177/240 CU12/20;UN;0.0
ERAT/ET4;ERAT/ET4 INST EMEN.ENF.R.50/50 CU 12/20;UN;0.0
ERAT/ET5;ERAT/ET5 INST EMEND.E.R.177/120 CU 12/20;UN;0.0
ERAT/ET6;ERAT/ET6 INST EMEND.E.R.177/240 CU 12/20;UN;0.0
ERAT/ET9;ERAT/ET9 INST EMEN.E.R.3X120/240 CU12/20;UN;0.0
ERAT/G-G;ERAT/G-G INST EMENDA RETA ENF.15KV 630;UN;0.0
ERAT/MB1;ERAT/MB1 INST EMENDA MOLD..RETA 50CU/95A;UN;0.0
ERAT/TR1;ERAT/TR1 INST EMEN M.RE.15KVTR 3X177/120;UN;0.0
ERAT/TR2;ERAT/TR2 INST EMEN.M.RETA TR15KV 177/120;UN;0.0
ERAT/TR3;ERAT/TR3 INST EMEN M.RET 15KV  3X177/240;UN;0.0
ERAT/TR4;ERAT/TR4 INST EMEN M.15KV TRANS  177/240;UN;0.0
ERAT/TR5;ERAT/TR5 EMEN TRANS TRIF  3X120/3X1X120;UN;0.0
ERAT/TR6;NST EMENDA M.RETA 15KV TRANS 3X120/240;UN;0.0
ERAT/TR7;INST EMENDA M.RETA 15KV TRANS 3X150/120;UN;0.0
ERAT/TR8;INST EMENDA M.RETA 15KV TRANS 3X150/240;UN;0.0
ETAT/A-A;ETAT/A-A RET  EMENDA RETA TERM.15KV 50/;UN;0.0
ETAT/C-C;ETAT/C-C RET  EMEND.RETA TERM.15KV 120/;UN;0.0
ETAT/E-E;ETAT/E-E RET  EMEND.RETA TERM.15KV 240/;UN;0.0
FITAAUTO;FITAAUTO INST FITA AUTO-AGLOMERANTE;UN;0.0
EATAAC;EATAAC INST EMENDA DER.EN.15KV 50/50/120;UN;0.0
EDAT/EA1;EDAT/EA1 INST EMEN.ENF.D.95/95/95AL12/20;UN;0.0
EDAT/EA2;EDAT/EA2 INST EMEN.E.D.240/240/95AL12/20;UN;0.0
EDAT/EA3;EDAT/EA3 INST EME.E.D.240/240/240AL12/20;UN;0.0
EDAT/EC1;EDAT/EC1 INST EMENDA.E.D.50/50/50CU12/20;UN;0.0
EDAT/EC2;EDAT/EC2 INST EMEN.E.D.120/120/50CU12/20;UN;0.0
EDAT/EC3;EDAT/EC3 INST EME.E.D.120/120/120CU12/20;UN;0.0
EDAT/EC4;EDAT/EC4 INST EMEN.E.D.240/240/50CU12/20;UN;0.0
EDAT/EC5;EDAT/EC5 INST EME.E.D.240/240/120CU12/20;UN;0.0
EDAT/EC6;EDAT/EC6 INST EME.E.D.240/240/240CU12/20;UN;0.0
EDAT/MA1;EDAT/MA1 INST EMENDA M.DER.12/20 95/95AL;UN;0.0
CTAT/A;CTAT/A   INST CABECA TERMINAL 15KV 50MM;UN;0.0
CTAT/B;CTAT/B   INST CABECA TERMINAL 15KV 95MM;UN;0.0
CTAT/C;CTAT/C   INST CABECA TERMINAL 15KV 120M;UN;0.0
CTAT/E;CTAT/E   INST CABECA TERMINAL 15KV 240M;UN;0.0
CTAT/F;CTAT/F   INST CABECA TERMINAL 15KV 400M;UN;0.0
CTAT/G;CTAT/G   INST CABECA TERMINAL 15KV 630M;UN;0.0
CTAT/I;CTAT/I   INST CABECA TERMINAL 15KV 1X50;UN;0.0
CTAT/J;CTAT/J   RET  CABECA TERMINAL 15KV 3X50;UN;0.0
CTAT/L;CTAT/L   RET  CABECA TERMINAL 15KV 1X50;UN;0.0
CTAT/M;CTAT/M   RET  CABECA TERMINAL 15KV 3X15;UN;0.0
CTAT/N;CTAT/N   RET  CABECA TERMINAL 15KV 1X17;UN;0.0
TBAT/A;TBAT/A   INST TERMINAL BLINDADA 15KV 50;UN;0.0
TBAT/C;TBAT/C   INST TERMINAL BLINDADA 15KV 12;UN;0.0
TBAT/E;TBAT/E   RET  TERMINAL BLINDADA 15KV 24;UN;0.0
TBAT/F;TBAT/F   INST TERMINAL BLINDADA 15KV 40;UN;0.0
TBAT/G;TBAT/G   INST TERMINAL BLINDADA 15KV 63;UN;0.0
TC/A;TC/A     INST TERMINAL CONSUMIDOR 50MM2;UN;0.0
TC/B;TC/B     INST TERMINAL CONSUMIDOR 95MM2;UN;0.0
TC/C;TC/C     INST TERMINAL CONSUMIDOR 120MM;UN;0.0
TC/D;TC/D     INST TERMINAL CONSUMIDOR 240MM;UN;0.0
TC/G;TC/G     INST TERMINAL CONSUMIDOR 630MM;UN;0.0
TCGM120;TCGM120 INST TERMINAL 120MM2 EM CH.MOD;UN;0.0
TCGM240;TCGM240 INST TERMINAL 240MM2 EM CH.MOD;UN;0.0
TCGM240A;TCGM240A INST TERMINAL 240AL EM CH.MODUL;UN;0.0
TCGM50;TCGM50 INST TERMINAL 50MM2 EM CH.MODULAR;UN;0.0
TCGM95;TCGM95 INST TERMINAL 95MM2 EM CH.MODULAR;UN;0.0
ATER35;ATER35 INST ATERRAMENTO EM CABO 35MM2 CU;UN;0.0
CD240240;INST CONECTOR APERTO 95-240/95-240MM2;UN;0.0
CD24070;CD24070 NST CONEXÃO APERTO BT 95-240/25;UN;0.0
CPA240BT;CPA240BT INST CONECTOR PINO. CABOS AL/BT;UN;0.0
CPA95BT;CPA95BT INST CONECTOR PINO. CABOS AL/BT;UN;0.0
CTA120;INST CONECTOR TERMINAL 120MM2-AL;UN;0.0
CTA240;INST CONECTOR TERMINAL 240MM2-AL;UN;0.0
CTA240BT;CTA240BT INST CONECT.TERM.CABO AL/BT 240;UN;0.0
CTA25BT;CTA25BT INST CONECTOR TERM.CAB0 AL/BT 25;UN;0.0
CTA50BT;CTA50BT INST CONECTOR TERM.CABO AL/BT 50;UN;0.0
CTA95BT;CTA95BT INST CONECTOR TERM.CABO AL/BT 95;UN;0.0
CTCU120;INST CONECTOR TERMINAL 120MM2-CU;UN;0.0
CTCU70;INST CONECTOR TERMINAL 70MM2-UC;UN;0.0
PINO25;PINO25 INST PINO ILHÓS P/CABOS 25AL/35CU;UN;0.0
PINO35;PINO35 INST PINO ILHÓS P/CABOS 50 CU/AL;UN;0.0
R12095BT;R12095BT INST RAMAL 120MM NA REDE 4X95;UN;0.0
R400400B;R400400B INST RAMAL 400MM EM  REDE 400AL;UN;0.0
R70400BT;R70400BT INST RAMAL 70MM CU REDE 400MMAL;UN;0.0
R95400BT;R95400BT INST RAMAL EM 95MM NA REDE 400;UN;0.0
RC2195BT;RC2195BT INST RAMAL EM 25MM NA REDE 95MM;UN;0.0
RC3595BT;RC3595BT INST RAMAL 35MM NA REDE 4X95MM;UN;0.0
RC500BT;RC500BT  INST RAMAL DIRETO DA CI EM 500;UN;0.0
RC7095BT;RC7095BT INST RAMAL 70MM NA REDE 4X95MM;UN;0.0
RC9595BT;RC9595BT INST RAMAL 95MM NA REDE 4X95MM;UN;0.0
RCI120BT;RCI120BT INST RAMAL DIRETO DA CI EM 120;UN;0.0
RCI240BT;RCI240BT INST RAMAL DIRETO DA CI EM 240;UN;0.0
RCI35BT;RCI35BT  INST RAMAL DIRETO DA CI EM 35;UN;0.0
RCT120BT;RCT120BT INST RAMAL DIRETO DA CT EM 120;UN;0.0
RCT240BT;RCT240BT INST RAMAL DIRETO DA CT EM 240;UN;0.0
RCT400BT;RCT400BT INST RAMAL DIRETO DA CT EM 400;UN;0.0
RCT500BT;RCT500BT INST RAMAL DIRETO DA CT EM 500;UN;0.0
RDCI70BT;RDCI70BT INST RAMAL DIRETO DA CI EM 70M;UN;0.0
RDCI95BT;RDCI95BT INST RAMAL DIRETO DA CI EM 95;UN;0.0
RDCT95BT;RDCT95BT INST RAMAL DIRETO DA CT EM 95MM;UN;0.0
RM240ABT;RM240ABT INST RAMAL MIXTO CABO 240 MM2;UN;0.0
RMX120BT;RMX120BT INST RAMAL MIXTO CABO 120MM CU;UN;0.0
RMX21/BT;RMX21/BT INST RAMAL MIXTO EM CABO 25MM;UN;0.0
RMX240BT;RMX240BT INST RAMAL MIXTO CABO 240MM CU;UN;0.0
RMX35/BT;RMX35/BT INST RAMAL MIXTO CABO 35MM CU;UN;0.0
RMX400BT;RMX400BT INST RAMAL MIXTO CABO 400MM AL;UN;0.0
RMX70/BT;RMX70/BT INST RAMAL MIXTO CABO 70MM CU;UN;0.0
RMX95/BT;RMX95/BT INST RAMAL MIXTO EM CABO 95 MM;UN;0.0
CA225VBT;CA225VBT INST CABO ARMADO AL 2X25 VALA;UN;0.0
CAA50VBT;CAA50VBT INST CABO ARMADO AL 3X50+1X35;UN;0.0
CAA95VBT;CAA95VBT INST CABO ARMADO AL 3X95+1X50;UN;0.0
CAL240BT;CAL240BT INST CABO AL 240MM2  .6/1KV  D;UN;0.0
CAL25/BT;CAL25/BT INST CABO XLPE AL 25MM2 .6/1KV;UN;0.0
CAL95/BT;CAL95/BT INST CABO XLPE AL 95MM2 .6/1KV;UN;0.0
CAV240BT;CAV240BT INST CABO ARMADO AL 3X240+1X120;UN;0.0
CC120BT;CC120BT  INST CABO XLPE CU 120MM2 .6 KV;UN;0.0
CC240BT;CC240BT  INST CABO XLPE CU 240MM2 .6 KV;UN;0.0
CC500BT;CC500BT  INST CABO XLPE CU 500MM2 .6 KV;UN;0.0
CC500NBT;CC500NBT INST CABO NEGATIVO CU 500MM2 .;UN;0.0
CCU10/BT;CCU10/BT INST FIO 10MM2 CU PVC PRETO;UN;0.0
CCU35/BT;CCU35/BT INST CABO XLPE CU 35MM2 .6/1KV;UN;0.0
CCU70/BT;CCU70/BT INST CABO XLPE CU 70MM2 .6/1KV;UN;0.0
CORD/120;CORD/120 RET  CORDOALHA DE COBRE 120 MM;UN;0.0
CORD/240;CORD/240 RET  CORDOALHA DE COBRE 240 MM;UN;0.0
CORD/25;CORD/25  INST CORDOALHA DE COBRE 25MM2;UN;0.0
CORD/500;CORD/500 RET  CORDOALHA DE COBRE 500 MM;UN;0.0
CORD/70;CORD/70  INST CORDOALHA DE COBRE 70 MM2;UN;0.0
RAMAL120;RAMAL120 INST RAMAL 120MM2 BT;UN;0.0
RAMAL240;RAMAL240 INST RAMAL 240MM2 BT;UN;0.0
RAMAL35;RAMAL35 INST RAMAL 35MM2 BT;UN;0.0
RAMAL500;RAMAL500 INST RAMAL 500MM2 BT;UN;0.0
RAMAL70;RAMAL70 INST RAMAL 70MM2 BT;UN;0.0
STP/BT;STP/BT   INST STROP DE ARAME DE FE.GALV;UN;0.0
CA16/BT;CA16/BT  RET  CABO ARMADO PICC CU 4 X 1;UN;0.0
CA25/BT;CA25/BT  RET  CABO ARMADO PICC CU 4 X 2;UN;0.0
CA380BT;CA380BT  RET  CABO XLPE AL 380 MM2 600V;UN;0.0
CA50/BT;CA50/BT  RET  CABO ARMADO PICC CU 4 X 5;UN;0.0
CA95/BT;CA95/BT  RET  CABO ARMADO PICC CU 4 X 9;UN;0.0
CAL21/BT;CAL21/BT RET  CABO XLPE AL 21 MM2  600V;UN;0.0
CAL85/BT;CAL85/BT RET  CABO XLPE AL 85 MM2 600V;UN;0.0
CC107BT;CC107BT  RET  CABO XLPE CU 107 MM2 600V;UN;0.0
CC126BT;CC126BT  RET  CABO XLPE CU 126 MM2 600V;UN;0.0
CC253/BT;CC253/BT RET  CABO XLPE CU 253 MM2 600V;UN;0.0
CC506BT;CC506BT  RET  CABO XLPE CU 506 MM2 600V;UN;0.0
CC53-313;CC53-313 RET  CABO EPR 13KV CU 3X53MM2;UN;0.0
CCU33/BT;CCU33/BT INST CABO XLPE CU 33 MM2  600V;UN;0.0
CCU67/BT;CCU67/BT RET  CABO XLPE CU 67 MM2 600V;UN;0.0
CNA10/BT;CNA10/BT RET  CABO N ARMADO PICC CU 1X1;UN;0.0
CNA16/BT;CNA16/BT RET  CABO N ARMADO PICC CU 1X1;UN;0.0
CNA250BT;CNA250BT INST CABO N ARMADO PICC CU 1X2;UN;0.0
CNA35/BT;CNA35/BT RET  CABO N ARMADO PICC CU 1X3;UN;0.0
CNA50/BT;CNA50/BT RET  CABO N ARMADO PICC CU 1X5;UN;0.0
CNA500BT;CNA500BT RET  CABO N ARMADO PICC CU 1X5;UN;0.0
CNA95/BT;CNA95/BT RET  CABO N ARMADO PICC CU 1X9;UN;0.0
NA1000BT;NA1000BT INST CABO N ARMADO PICC 1X1000;UN;0.0
CRBT/120;CRBT/120 INST CABECA RESISTEN. CU BT 120;UN;0.0
CRBT/240;CRBT/240 INST CABECA RESISTEN. CU BT 240;UN;0.0
CRBT/25;CRBT/25 INST CABECA RESISTENCIA AL BT 25;UN;0.0
CRBT/35;CRBT/35 INST CABECA RESISTENCIA CU BT 35;UN;0.0
CRBT/400;CRBT/400 INST CABECA RESISTEN. AL BT 400;UN;0.0
CRBT/500;CRBT/500 INST CABECA RESISTEN. CU BT 500;UN;0.0
CRBT/70;CRBT/70 INST CABECA RESIST.CABO CU BT 70;UN;0.0
CRBT/95;CRBT/95 INST CABECA RESISTENCIA AL BT 95;UN;0.0
CRBT240A;CRBT240A INST CABEÇA RESIS.240MM2AL VALA;UN;0.0
CRBT25A;CRBT25A INST CABEÇA RESIST.25MM2 AL VALA;UN;0.0
CRBT4X95;CRBT4X95 INST CABECA RESISTEN.CU BT 4X95;UN;0.0
CRBT50A;CRBT50A INST CABEÇA RESIST.50MM2 AL VALA;UN;0.0
CRBT95A;CRBT95A INST CABEÇA RESIST.95MM2 AL VALA;UN;0.0
BAR150;"BAR 150  RET  BARRA EXT.;TRAFO PEDEST.1";UN;0.0
BAR300;"BAR 300  RET  BARRA EXT.;TRAFO PEDEST.3";UN;0.0
BAR75;"BAR 75   RET  BARRA EXT.;TRAFO PEDEST.7";UN;0.0
ER24095E;ER24095E INST EMEN.R.RE.ENF.RES.BT240X95;UN;0.0
ER9550E;ER9550E INST EMEN.R.RE.ENF.RES.BT 95X50;UN;0.0
ERBT/1;ERBT/1   INST EMENDA RETA CU BT XLPE 35;UN;0.0
ERBT/10;ERBT/10  INST EMENDA RETA AL BT XLPE 400;UN;0.0
ERBT/11;ERBT/11  INST EMENDA RETA AL BT XLPE 95;UN;0.0
ERBT/2;ERBT/2   INST EMENDA RETA CU BT XLPE 70;UN;0.0
ERBT/4;ERBT/4   INST EMENDA RETA CU BT XLPE 120;UN;0.0
ERBT/4-3;ERBT/4-3 INST EMENDA RETA RED.CU 120X70;UN;0.0
ERBT/4-4;ERBT/4-4 INST EMENDA RETA RED.CU 120X35;UN;0.0
ERBT/5;ERBT/5   INST EMENDA RETA CU BT XLPE 240;UN;0.0
ERBT/5-4;ERBT/5-4 INST EMENDA RETA REDUCAO CU 24;UN;0.0
ERBT/6-3;ERBT/6-3 INST EMEN.RET.BT4X95XLPE-4X95PI;UN;0.0
ERBT/6-4;ERBT/6-4 INST EMEN.RET.BT 4(1X120XLPE-4X;UN;0.0
ERBT/7;ERBT/7   INST EMENDA RETA AL BT XLPE 25;UN;0.0
ERBT/8;ERBT/8   INST EMENDA RETA AL BT XLPE 240;UN;0.0
ERBT/9;ERBT/9   INST EMENDA RETA CU BT XLPE 500;UN;0.0
ERCA240E;ERCA240E INST EMEND.R.ENF.RESI.BT240X240;UN;0.0
ERCA25E;ERCA25E INST EMENDA R.ENF.RESIN.BT 25X25;UN;0.0
ERCA50E;ERCA50E INST EMENDA R.ENF.RESIN.BT 50X50;UN;0.0
ERCA95E;ERCA95E INST EMENDA R.ENF.RESIN.BT 95X95;UN;0.0
ERCA95M;ERCA95M INST EMENDA RET.RESIN.BT 95X95 M;UN;0.0
ERSA240;ERSA240 INST EMENDA RETA RESINADA 240;UN;0.0
ERSA50;ERSA50 INST EMENDA RETA RESINADA 25-50;UN;0.0
ERSA95;ERSA95 INST EMENDA RETA RESINADA 95;UN;0.0
EC2SBT/5;EC2SBT/5 INST EMENDA DE CENTRO 2S - 240;UN;0.0
EC3SBT/4;EC3SBT/4 INST EMENDA CENTRO 3S - 120/12;UN;0.0
C126240A;C126240A INST CONEXÃO PER.E.D.BT 240/95;UN;0.0
C240120A;C240120A INST CONEX.APERTO E.D.BT240/120;UN;0.0
C240150A;C240150A INST CONEX.APERTO E.D.BT240/150;UN;0.0
C240240A;C240240A INST CONEX.APERTO E.D.BT240/240;UN;0.0
C24050A;C24050A INST CONEXÃO APERTO E.D.BT240/50;UN;0.0
C24095P;C24095P INST CONEXÃO PERF.E.D.BT 240/95;UN;0.0
C2X24025;INST CONEXÃO APERTO E.D. BT 95-240/25MM2;UN;0.0
C2X9525A;INST CONEXÃO APERTO E.D.BT 95-50/25MM2;UN;0.0
C5035A;C5035A INST CONEXÃO APERTO E.D.BT 50/35;UN;0.0
C7035P;C7035P INST CONEXÃO PERF.E.D.BT 70/35MM2;UN;0.0
C9550P;C9550P INST CONEXÃO PERF.E.D.BT 95/50MM2;UN;0.0
C9595P;C9595P INST CONEXÃO PERF.E.D.BT 95/95MM2;UN;0.0
CD12050P;CD12050P INST CONEX.PERF.EM.DER.BT120/50;UN;0.0
CD24050P;CD24050P INST CONEX.PERF.EM.DER.BT240/50;UN;0.0
CD24070A;CD24070A INST CONEX.APERTO E.D.BT240/70;UN;0.0
CD240P;CD240P INST CONEX.PERF.EM.DER.BT 240/240;UN;0.0
CD9535A;CD9535A INST CONEX.APERTO P/E.D.BT95/35;UN;0.0
CP95240A;CP95240A INST CONEX.PERF.E.D.T.BT.240/95;UN;0.0
EALBT117;EALBT117 INST EMENDA DERIV. XLPE AL 95-;UN;0.0
EALBT811;EALBT811 INST EMEN.DERIV.XLPE AL BT 240;UN;0.0
EALBT87;EALBT87  INST EMEN.DERIV.XLPE AL BT 240;UN;0.0
EALBT88;EALBT88  INST EMEN.DERIV.XLPE AL BT 240;UN;0.0
ED120X35;ED120X35 INST EMENDA DER.RES.ENF.120X35;UN;0.0
ED240/25;ED240/25 INST EMENDA DER.RES.ENFIT. 240;UN;0.0
EDBT/2-2;EDBT/2-2 RET  EMENDA DERIV.XLPE 70-70 B;UN;0.0
EDBT/3-1;EDBT/3-1 INST EMENDA DERIV.XLPE CU 4X95;UN;0.0
EDBT/3-2;EDBT/3-2 INST EMENDA DERIV.XLPE CU 4X95;UN;0.0
EDBT/3-3;EDBT/3-3 INST EMEN.DER.CU BT 4X95XLPE-4X;UN;0.0
EDBT/3-4;EDBT/3-4 INST EMENDA DERI.XLPE CU 4X95-;UN;0.0
EDBT/5-1;EDBT/5-1 INST EMENDA DERIV.XLPE CU 240/;UN;0.0
EDBT/5-2;EDBT/5-2 INST EMENDA DERIV.XLPE CU 240/;UN;0.0
EDBT/9-4;EDBT/9-4 INST EMENDA DERIV.XLPE CU 500-;UN;0.0
EDBT/9-5;EDBT/9-5 INST EMENDA DERIV.XLPE CU 500-;UN;0.0
EDBT/9-9;EDBT/9-9 INST EMENDA DERIV.XLPE CU 500-;UN;0.0
EDCA240E;EDCA240E INST EM.DER.RES.E.BT240/240/240;UN;0.0
EDCA95E;EDCA95E INST EMEN.D.R.E.BT95/95/95,50,25;UN;0.0
EDR240E;EDR240E INST EM.D.R.E.BT240/240/95,5O,25;UN;0.0
RA120/BT;RA120/BT INST LIG.SUBT.CU 120 MM2 C/AER;UN;0.0
RA240/BT;RA240/BT INST LIG.SUBT.CU 240 MM2 C/AER;UN;0.0
RA240ABT;RA240ABT INST LIG.CAB3x240+1x120 À RD.A;UN;0.0
RA25/BT;RA25/BT  INST LIG.SUBT. AL 25 MM2 C/AER;UN;0.0
RA25CABT;RA25CABT INST LIG.CABO 4x25mm² À RD.AER;UN;0.0
RA35/BT;RA35/BT  INST LIG.SUBT. CU 35 MM2 C/AER;UN;0.0
RA400/BT;RA400/BT RET  LIG.SUBT.AL 400 MM2 C/AER;UN;0.0
RA70/BT;RA70/BT  INST LIG.SUBT. CU 70 MM2 C/AER;UN;0.0
RA95/BT;RA95/BT  INST LIG.SUBT. AL 95 MM2 C/AER;UN;0.0
RA95CABT;RA95CABT INST LIG.CABO3x95+1x50 À RD.AE;UN;0.0
CONF1035;CONF1035 INST CONECTOR F.P/CABO 10/35;UN;0.0
CONN1035;CONN1035 RET  CONECTOR N.P/CABO 10/35;UN;0.0
L240240A;L240240A RET  LIG.CABO AL XLPE 240 BAR.;UN;0.0
L800120N;L800120N INST LIG.CABO CU XLPE 120 C.NE;UN;0.0
L800240A;L800240A INST LIG.CABO AL XLPE 240 BAR.;UN;0.0
LC240120;LC240120 RET  LIG.CABO CU XLPE 120 BAR.;UN;0.0
LC240240;LC240240 RET  LIG.CABO CU XLPE 240 BAR.;UN;0.0
LC24025;LC24025  RET  LIG.CABO AL XLPE 25 A0 BA;UN;0.0
LC240400;LC240400 RET  LIG.CABO AL XLPE 400 BAR.;UN;0.0
LC24070;LC24070  RET  LIG.CABO CU XLPE 70 A0 BA;UN;0.0
LC24095;LC24095  INST LIG.CABO AL XLPE 95 A0 BA;UN;0.0
LC800120;LC800120 RET  LIG.CABO CU XLPE 120 BAR.;UN;0.0
LC800240;LC800240 RET  LIG.CABO CU XLPE 240 BAR.;UN;0.0
LC80025;LC80025  RET  LIG.CABO AL XLPE 25 A0 BA;UN;0.0
LC80035;LC80035  INST LIG.CABO CU XLPE 35 AO BA;UN;0.0
LC800400;LC800400 RET  LIG.CABO AL XLPE 400 BAR.;UN;0.0
LC800500;LC800500 RET  LIG.CABO CU XLPE 500 BAR.;UN;0.0
LC80070;LC80070  INST LIG.CABO CU XLPE 70 AO BA;UN;0.0
LC80095;LC80095  INST LIG.CABO AL XLPE 95 AO BA;UN;0.0
LCABC240;LCABC240 INST LIG.CABO ARM.240 AO BAR.CO;UN;0.0
LCABC50;LCABC50 INST LIG.CABO ARM.50 AO BAR.CON;UN;0.0
LCABC95;LCABC95 INST LIG.CABO ARM.95 AO BAR.CON;UN;0.0
LCN/500;LCN/500  INST LIG.CABO CU XLPE 500 A0 A;UN;0.0
MOD2N;MOD2N INST MÓDULO P/2 CONEC.DE NEUTR0;UN;0.0
MOD4CR;MOD4CR INST MÓDULO C/4 CONEC.P/C.RESIS;UN;0.0
MOD50150;MOD50150  RET  MÓDULO F.P/CABO 50/150;UN;0.0
MOD50240;MOD50240 RET  MÓDULO F.P/CABO 50/240;UN;0.0
CJ2P;CJ2P     INST CAIXA DE JUNCAO 2 POLOS;UN;0.0
CJ4P;CJ4P     RET  CAIXA DE JUNCAO 4 POLOS -;UN;0.0
A-51;A-51 INST CHAVE DE AFERICAO;UN;0.0
A-64;A-64 INST OLHAL ANCORAGEM P/FACHADA;UN;0.0
A-84;A-84 INST SUPORTE AFASTADOR P/CAIXA COM;UN;0.0
A-84/1;A-84/1 INST SUPORTE AFASTADOR P/CAIXA CO;UN;0.0
A-86/25D;A-86/25D INST LUVA DE BLOQUEIO P/2X25MM2;UN;0.0
A-86/50;A-8650 INST LUVA DE BLOQUEIO 3X50MM2+35M;UN;0.0
A-87/25;A-87/25 INST TUBO CONTRATIL P/25MM2;UN;0.0
A-87/35;A-87/35 INST TUBO CONTRATIL P/35MM2;UN;0.0
A-93;A-93 INST DISPOSITIVO DE FIXACAO P/OLHAL;UN;0.0
C-40/25D;C-40/25D INST CABO ARMADO 2X25MM2;UN;0.0
C-40/50;C-40/50 INST CABO ARMADO 3X50MM2+35MM2;UN;0.0
C8/2,5B;C8/2,5B INST CABO FLEXIVEL 2,5 MM2 CU BR;UN;0.0
C8/2,5P;C8/2,5P INST CABO FLEXIVEL 2,5 MM2 CU PR;UN;0.0
C8/2,5VD;C8/2,5VD INST CABO FLEXIVEL 2,5 MM2 CU V;UN;0.0
C8/2,5VM;C8/2,5VM INST CABO FLEXIVEL 2,5 MM2 CU V;UN;0.0
CL1M;CL1M INST CX C/LENTE P/1 MED. MONOFASICO;UN;0.0
CL1MS1;CL1MS1 RET CX C/LENTE P/1 MED. MONO.SEC.;UN;0.0
CL1MSM;CL1MSM RET CX C/LENTE P/1 MED. MONO.SEC.;UN;0.0
CL1MSM1;CL1MSM1 RET CX C/LENTE P/1 MED. MONO.SEC;UN;0.0
CL3P;CL3P INST CX C/LENTE P/3 MED. POLIFASICO;UN;0.0
CL3PS1;CL3PS1 RET CX C/LENTE P/3 MED. POLIF. SE;UN;0.0
CL3PSM;CL3PSM RET CX C/LENTE P/3 MED. POLIF.SE;UN;0.0
CL3PSM1;CL3PSM1 RET CX C/LENTE P/3 MED. POLIF.SE;UN;0.0
CL4M;CL4M INST CX C/LENTE P/4 MED. MONOFASICO;UN;0.0
CL4MS1;CL4MS1 RET CX C/LENTE P/4 MED. MONO.SEC;UN;0.0
CL4MSM;CL4MSM RET CX C/LENTE P/4 MED. MONO. SEC;UN;0.0
CL4MSM1;CL4MSM1 INST CX C/LENTE P/4 MED. MONO.SE;UN;0.0
CLD200;CLD200 INST CX C/LENTE P/1 MED. POLIF. A;UN;0.0
CLD200S1;CLD200S1 RET CX C/LENTE P/1MED. POLIF. A;UN;0.0
CLD200SM;CLD200SM    INST CX.C/LENTE P/1MED.POLIF;UN;0.0
CLD2SM1;CLD2SM1 RET CX C/LENTE P/1MED.POLIF. ATE;UN;0.0
CLMI;CLMI INST CX C/LENTE P/MED.INDIRETA;UN;0.0
CLMIS1;CLMIS1 RET CX C/LENTE P/MED.INDIRETA SEC;UN;0.0
CLMISM;CLMISM RET CX C/LENTE P/MED.INDIRETA SEC;UN;0.0
CLMISM1;CLMISM1 RET CX C/LENTE P/MED.INDIRETA SE;UN;0.0
CM3CNCN;INST CONJ MED FAT MT ENTR SAID REDE CONV;UN;0.0
E-35M;E-35M INST SECCIONADOR MONOPOLAR 80A;UN;0.0
E-35T100;E-35T100 INST SECCIONADOR TRIPOLAR 100A;UN;0.0
E-35T200;E-35T200 INST SECCIONADOR TRIPOLAR 200A;UN;0.0
E-35T400;E-35T400 INST SECCIONADORA TRIPOLAR 400A;UN;0.0
E-48;"E-48 INST TC;0,6KV;400-5A;MED.FATURAMENT";UN;0.0
E-MITRV4;MITRV4 RET CONJ MED IND 400A C/CX TROVÃ;UN;0.0
EMBNCXD1;E-MBN-CX-D1 INST ESTR DERIV 5 RAMAIS LIG;UN;0.0
EMBNCXD2;E-MBN-CX-D2 INST ESTR DERIV 10 RAMAIS LG;UN;0.0
EMBNM-CS;EMBNM-CS INST ESTR DER ATE 9 RAMAIS LIG;UN;0.0
LGBCV;INST LIG BIF INDIV C/CX POL RED SEC CONV;UN;0.0
LGBMX;INST LIG BIF INDIV C/CX POL RED SEC MULT;UN;0.0
LGCXDRCV;INST LIG CX DER RAM CONC RED SEC CONV;UN;0.0
LGCXDRMX;INST LIG CX DER RAMAL CONC RED SEC MULT;UN;0.0
LGMCV;INST LIG MONO INDIV C/CX POL RED SEC CON;UN;0.0
LGMMX;INST LIG MON INDIV C/CX POL RED SEC MULT;UN;0.0
LGTCV;RET LIG TRIF IND C/CX  POL RED SEC CONV;UN;0.0
LGTMX;RET LIG TRIF IND C/CX POL RED SEC MUL;UN;0.0
M-41B;"M-41B INST MEDIDOR ELETROMECANICO;POLIF.";UN;0.0
M-41M;"M-41M INST MEDIDOR ELETROMECANICO;MONO.";UN;0.0
M-41T100;"M-41T100 INST MEDIDOR ELETROMECANICO;POL";UN;0.0
M-41T200;"M-41T200 INST MEDIDOR ELETROMECANICO;POL";UN;0.0
M-41TIND;"M-41TIND INST MEDIDOR ELETROMECANICO;POL";UN;0.0
NORSND;NORSND INST NORMALIZACAO DE AREAS SINDIC;UN;0.0
O13120CO;O13120CO INST CONECTOR ADAP.TERMINAL;UN;0.0
O132,5CO;O132,5CO INST CONECTOR TERMINAL 2,5MM2;UN;0.0
PINO16;"INST PINO ILHÓS;CU P/CABO 16mm²";UN;0.0
PINO50;"PINO50 INST PINO ILHÓS;CU;50mm²";UN;0.0
PINO70;"PINO70 INST PINO ILHÓS;CU P/CABO 70mm²";UN;0.0
3010780;INST DE CONJ CH FACA S/EST-LM;UN;0.0
3010781;INST DE CONJ CH FACA C/EST-LM;UN;0.0
3010784;RET DE CONJ CH FACA S/EST-LM;UN;0.0
3010785;RET DE CONJ CH FACA C/EST-LM;UN;0.0
3010788;INST P SUBST CONJ CH FACA S/EST-LM;UN;0.0
3010789;RET P SUBST CONJ CH FACA S/EST-LM;UN;0.0
3010792;INST P SUBST CONJ CH FACA  C/EST-LM;UN;0.0
3010793;RET P SUBST CONJ CH FACA  C/EST-LM;UN;0.0
3010796;DESLOCAR CONJ CHAVE FACA;UN;0.0
3012497;REALOCAÇÃO CONJ CHAVE FACA P/ CONST;UN;0.0
3010782;INST DE CONJ CH FACA S/EST-LV;UN;0.0
3010783;INST DE CONJ CH FACA C/EST-LV;UN;0.0
3010786;RET DE CONJ CH FACA S/EST-LV;UN;0.0
3010787;RET DE CONJ CH FACA C/EST-LV;UN;0.0
3010790;INST P SUBST CONJ CH FACA S/EST-LV;UN;0.0
3010791;RET P SUBST CONJ CH FACA S/EST-LV;UN;0.0
3010794;INST P SUBST CONJ CH FACA C/EST-LV;UN;0.0
3010795;RET P SUBST CONJ CH FACA C/EST-LV;UN;0.0
3012508;DESLOCAR CONJ CHAVE FACA - LV;UN;0.0
3014950;REALOCAÇÃO CONJ CHAVE FACA P/ CONST - LV;UN;0.0
3010818;INST DE CONJ CH FUSÍVEL S/EST-LM;UN;0.0
3010819;INST DE CONJ CH FUSÍVEL C/EST-LM;UN;0.0
3010822;RET DE CONJ CH FUSÍVEL S/EST-LM;UN;0.0
3010823;RET DE CONJ CH FUSÍVEL C/EST-LM;UN;0.0
3010826;INST P SUBST CONJ CH FUSÍVEL S/EST-LM;UN;0.0
3010827;RET P SUBST CONJ CH FUSÍVEL S/EST-LM;UN;0.0
3010830;INST P SUBST CONJ CH FUSÍVEL C/EST-LM;UN;0.0
3010831;RET P SUBST CONJ CH FUSÍVEL C/EST-LM;UN;0.0
3010835;INST P RELOC DE CONJ CH FUSÍVEL CONSTR;UN;0.0
3010836;RET P RELOC DE CONJ CH FUSÍVEL CONSTR;UN;0.0
3012499;REALOCAÇÃO CONJ CHAVE FUSÍVEL P/ CONST;UN;0.0
3010820;INST DE CONJ CH FUSÍVEL S/EST-LV;UN;0.0
3010821;INST DE CONJ CH FUSÍVEL C/EST-LV;UN;0.0
3010824;RET DE CONJ CH FUSÍVEL S/EST-LV;UN;0.0
3010825;RET DE CONJ CH FUSÍVEL C/EST-LV;UN;0.0
3010828;INST P SUBST CONJ CH FUSÍVEL S/EST-LV;UN;0.0
3010829;RET P SUBST CONJ CH FUSÍVEL S/EST-LV;UN;0.0
3010832;INST P SUBST CONJ CH FUSÍVEL C/EST-LV;UN;0.0
3010833;RET P SUBST CONJ CH FUSÍVEL C/EST-LV;UN;0.0
3014951;REALOC CONJ CHAVE FUSÍVEL P/ CONST - LV;UN;0.0
3010894;INST DE CONJ SEC MONO S/EST-LM;UN;0.0
3010895;INST DE CONJ SEC MONO C/EST-LM;UN;0.0
3010898;RET DE CONJ SEC MONO S/EST-LM;UN;0.0
3010899;RET DE CONJ SEC MONO C/EST-LM;UN;0.0
3010902;INST P SUBST CONJ SEC MONO S/EST-LM;UN;0.0
3010903;RET P SUBST CONJ SEC MONO S/EST-LM;UN;0.0
3010907;INST P SUBST CONJ SEC MONO C/EST-LM;UN;0.0
3010908;RET P SUBST CONJ SEC MONO C/EST-LM;UN;0.0
3010912;INST P RELOC DE CONJ SEC MONO CONSTR;UN;0.0
3010913;RET P RELOC DE CONJ SEC MONO CONSTR;UN;0.0
3010911;DESLOCAR CONJ SEC MONO - LM;UN;0.0
3012503;REALOCAÇÃO CONJ SEC MONO P/ CONST;UN;0.0
3010896;INST DE CONJ SEC MONO S/EST-LV;UN;0.0
3010897;INST DE CONJ SEC MONO C/EST-LV;UN;0.0
3010900;RET DE CONJ SEC MONO S/EST-LV;UN;0.0
3010901;RET DE CONJ SEC MONO C/EST-LV;UN;0.0
3010904;INST P SUBST CONJ SEC MONO S/EST-LV;UN;0.0
3010905;RET P SUBST CONJ SEC MONO S/EST-LV;UN;0.0
3010909;INST P SUBST CONJ SEC MONO C/EST-LV;UN;0.0
3010910;RET P SUBST CONJ SEC MONO C/EST-LV;UN;0.0
3014820;REALOCAÇÃO CONJ SEC MONO P/ CONST LV;UN;0.0
3011012;INST DE TRANSFORMADOR DE DISTR S/EST-LM;UN;0.0
3011013;INST DE TRANSFORMADOR DE DISTR C/EST-LM;UN;0.0
3011016;RETIRADA DE TRANSFOR DE DISTR S/EST-LM;UN;0.0
3011017;RETIRADA DE TRANSFOR DE DISTR C/EST-LM;UN;0.0
3011020;INST P SUBST TRANSFOR DE DISTR  S/EST-LM;UN;0.0
3011021;RET P SUBST TRANSFOR DE DISTR  S/EST-LM;UN;0.0
3011024;INST P SUBST TRANSFOR DE DISTR  C/EST-LM;UN;0.0
3011025;RET P SUBST TRANSFOR DE DISTR  C/EST-LM;UN;0.0
3011029;INST P RELOC DE TRANSFORMADOR CONSTR;UN;0.0
3011030;RET P RELOC DE TRANSFORMADOR CONSTR;UN;0.0
3011028;DESLOCAR TRANSFORMADOR DE DISTRIBUIÇÃO;UN;0.0
3012490;REALOCAÇÃO DE TRAFO PARA CONSTRUÇÃO;UN;0.0
3011031;DESLOCAMENTO MANUAL TRANSFORMADOR;UN;0.0
3011014;INST DE TRANSFORMADOR DE DISTR S/EST-LV;UN;0.0
3011015;INST DE TRANSFORMADOR DE DISTR C/EST-LV;UN;0.0
3011018;RETIRADA DE TRANSFOR DE DISTR S/EST-LV;UN;0.0
3011019;RETIRADA DE TRANSFOR DE DISTR C/EST-LV;UN;0.0
3011022;INST P SUBST TRANSFOR DE DISTR S/EST-LV;UN;0.0
3011023;RET P SUBST TRANSFOR DE DISTR S/EST-LV;UN;0.0
3011026;INST P SUBST TRANSFOR DE DISTR C/EST-LV;UN;0.0
3011027;RET P SUBST TRANSFOR DE DISTR C/EST-LV;UN;0.0
3011786;INST TRANSF DISTR S/EST-LM  - Comunidade;UN;0.0
3011787;INST TRANSF DISTR C/EST-LM  - Comunidade;UN;0.0
3011788;RET TRANSF DISTR S/EST-LM  - Comunidade;UN;0.0
3011789;RET TRANSF DISTR C/EST-LM  - Comunidade;UN;0.0
3011790;INST P SUB TRANSF DIST S/EST-LM-Comunid;UN;0.0
3011791;RET P SUB TRANSF DIST S/EST-LM-Comunid;UN;0.0
3011792;INST P SUB TRANSF DIST C/EST-LM-Comunid;UN;0.0
3011793;RET P SUB TRANSF DIST C/EST-LM-Comunid;UN;0.0
3011794;DESLOC MANUAL TRANSF  - Comunidade;UN;0.0
3015781;Proj aéreo de construção por ponto;UN;0.0
3015782;Proj aéreo de construção por trecho;UN;0.0
3015800;Estudo de rede aérea BT e MT;UN;0.0
3006933;ABERTURA DE CAVA EM ROCHA COM MARTELETE;UN;0.0
3007550;ABERTURA-CAVA EM ROCHA C/MARTELETE CONST;UN;0.0
3015239;ABERTURA DE TACO LV - COM DESLOC;UN;0.0
3015250;ABERTURA DE TACO LV - P/ CONST S/ DESLOC;UN;0.0
3015236;ABERT/FECH CHAPA SEPAR C/ DESLOC P/CONST;UN;0.0
3015235;ABERT/FECHAM CHAPA SEPAR S/ DESLOC;UN;0.0
3015234;ABERT/FECHAM CHAPA SEPAR C/ DESLOC;UN;0.0
3015237;ABERT/FECH CHAPA SEPAR S/ DESLOC P/CONST;UN;0.0
3006930;APRUMO DE POSTE - L M PARA CONSTRUÇÃO;UN;0.0
3006931;APRUMO DE POSTE - L M PARA MANUTENÇÃO;UN;0.0
3007000;APRUMO DE POSTE - LV - MANUTENÇÃO;UN;0.0
3006999;APRUMO DE POSTE - LV - PARA CONSTRUÇÃO D;UN;0.0
3009218;ATEND HORA EQUIPE LINHA MORTA;UN;0.0
3009281;ATEND HORA EQUIPE LINHA VIVA PESADA;UN;0.0
3006950;ATERRAMENTO PARA CONSTRUÇÃO DE REDE;UN;0.0
3006951;ATERRAMENTO PARA MANUTENÇÃO;UN;0.0
3006958;AVISADOR DE BT PARA CONSTRUÇÃO DE REDE;UN;0.0
3006959;AVISADOR DE BT PARA MANUTENÇÃO;UN;0.0
3006960;AVISADOR DE MT PARA CONSTRUÇÃO DE REDE;UN;0.0
3006961;AVISADOR DE MT PARA MANUTENÇÃO;UN;0.0
3006984;CONEXÃO DA LUMINÁRIA PELA BASE PARA CONS;UN;0.0
3006982;CONEXÃO DA LUMINÁRIA PELO TOPO PARA CONS;UN;0.0
3006983;CONEXÃO DA LUMINÁRIA PELO TOPO PARA MANU;UN;0.0
3014791;CONEXÃO GERADOR R.AÉREA S/DESLOC CONSTR;UN;0.0
3014794;CONEXÃO DE GERADOR REDE AÉREA S/DESLOC;UN;0.0
3014795;CONEXÃO DE GERADOR REDE AÉREA C/DESLOCAM;UN;0.0
3014797;CONEXÃO GERADOR R.AÉREA C/DESLOC CONST;UN;0.0
3014792;DESCONEXÃO GERADOR R. AÉREA S/DESL CONST;UN;0.0
3014796;DESCONEXÃO GERADOR REDE AÉREA C/DESLOCAM;UN;0.0
3014793;DESCONEXÃO GERADOR R. AÉREA S/DESLOCAMEN;UN;0.0
3014798;DESCONEXÃO GERADOR R.AÉREA C/DESLO CONST;UN;0.0
3009722;DESLOC P/ INSTAL MANUAL POSTE FIBRA CONS;UN;0.0
3007365;DESLOCAM P/ INSTAL MANUAL POSTE CONST;UN;0.0
3002370;DESLOCAMENTO MANUAL DE POSTE E EQUIPAMEN;UN;0.0
3009723;DESLOCAMENTO MANUAL DE POSTE FIBRA E EQU;UN;0.0
3007360;ENGASTAM-BASE CONCRETADA+MAT-RENOV ATIVO;UN;0.0
3007392;ENGASTAM-BASE REFORÇADA+MAT-RENOVA ATIVO;UN;0.0
3006935;ENGASTAMENTO C/ BASE CONCRETADA+MATERIAL;UN;0.0
3006937;ENGASTAMENTO COM BASE REFORÇADA + MATERI;UN;0.0
3006974;EXECUÇÃO DE MANOBRA PARA CONSTRUÇÃO;UN;0.0
3006975;EXECUÇÃO DE MANOBRA PARA MANUTENÇÃO;UN;0.0
3012515;EXECUÇÃO DE MANOBRA PARA CONSTRUÇÃO - LV;UN;0.0
3015255;FECHAMENTO DE TACO LV - P/CONST S/ DESLO;UN;0.0
3015240;FECHAMENTO DE TACO LV - COM DESLOC;UN;0.0
3002332;INST. DE REDE BT CONVENCIONAL ABERTA;UN;0.0
3002331;INST.DE REDE BT MULTIPLEXADA EM FACHADA;UN;0.0
3002326;INST.DE REDE MT MULT.ISOL.13,8KV C/EST;UN;0.0
3014920;INST PROTEÇÕES E ESTRUT DE POSTE RD ENER;UN;0.0
3007383;INSTAL  ESTAI C/CONTRAPOSTE-RENOVA ATIVO;UN;0.0
3007561;INSTAL CAIXA CD INTERLIGADA 240MM CONST;UN;0.0
3007562;INSTAL CAIXA CD INTERLIGADA P/C0NSTRUÇÃO;UN;0.0
3006290;INSTAL P SUBST POSTE C ESTRUT BT E MT-LM;UN;0.0
3006302;INSTAL P SUBST POSTE C ESTRUT BT MT -L V;UN;0.0
3006292;INSTAL P SUBST POSTE C ESTRUTURAS BT;UN;0.0
3007366;INSTAL P/ SUBSTIT. ESTRUTURA MT-LM-CONST;UN;0.0
3007381;INSTAL P/RELOCAR/SUBST RAMAL - REDE RCSN;UN;0.0
3002313;INSTAL.DE REDE MT MONOF.7,62KV, C/ESTRUT;UN;0.0
3005732;INSTALAÇÃO CIRCUITO DE IP;UN;0.0
3015270;INSTALAÇÃO DE CABO PARA-RAIOS;UN;0.0
3006564;INSTALAÇÃO DE CAIXA CS INCLUINDO CONEXÃO;UN;0.0
3006145;INSTALAÇÃO DE CAIXA DE MEDIÇÃO;UN;0.0
3015251;INST DE CONECTOR ESTRIBO LV - S/ DESLOC;UN;0.0
3015252;INST DE CONECTOR ESTRIBO LV - C/ DESLOC;UN;0.0
3007379;INSTALAÇÃO DE CDR;UN;0.0
3005097;INSTALAÇÃO DE CX PADRÃO POLIF. OU CDR;UN;0.0
3006991;INSTALAÇÃO DE ESTAI COM CONTRAPOSTE;UN;0.0
3006988;INSTALAÇÃO DE ESTAI PARA CONSTRUÇÃO;UN;0.0
3006989;INSTALAÇÃO DE ESTAI PARA MANUTENÇÃO;UN;0.0
3002336;INSTALAÇÃO DE ESTRUTURA DE MT - L M;UN;0.0
3002338;INSTALAÇÃO DE ESTRUTURA MT - L V;UN;0.0
3014380;INSTALAÇÃO DE POSTE EM APOIO A LINHA VIV;UN;0.0
3007375;INSTALAÇÃO DE REDE BT MULIPLEXADA RCSN;UN;0.0
3005100;INSTALAÇÃO DE REDE DE IP BIFÁSICA;UN;0.0
3006337;INSTALAÇÃO DE REDE MT MONOF. 7,62 S/ESTR;UN;0.0
3006294;INSTALAÇÃO P SUBST DE RAMAL BT RCSN;UN;0.0
3007371;INSTALAÇÃO P/ RELOCAÇÃO DE ESTRUTURA MT;UN;0.0
3007564;INSTALAÇÃO P/SUBSTITUIÇÃO DE RAMAL AÉREO;UN;0.0
3006940;INSTALAÇÃO RAMAL  BT;UN;0.0
3007390;INSTALAÇÃO -SUBSTITUIÇÃO ESTRUTURA MT-LV;UN;0.0
3006946;LIMPEZA DE FAIXA PARA CONSTRUÇÃO DE REDE;UN;0.0
3013810;MOTO ATENDENTE - APOIO EQUIPE;UN;0.0
3006938;NIVELAMENTO DE REDE MT/BT - LM CONSTR;UN;0.0
3006939;NIVELAMENTO DE REDE MT/BT - LM MANUT;UN;0.0
3007005;NIVELAMENTO DE REDE MT - L V PARA CONSTR;UN;0.0
3007010;NIVELAMENTO DE REDE MT - L V PARA MANUTE;UN;0.0
3007105;PODA LINHA VIVA (PESADA) C/RECOLHA;UN;0.0
3006948;PODA DE ÁRVORE PARA CONSTRUÇÃO DE REDE;UN;0.0
3012494;REALOCAÇÃO REGULADOR P/ CONSTRUÇÃO;UN;0.0
3015231;REALOC CX DE DERIV DE RAMAIS (CDR);UN;0.0
3015238;REALOC CX MD BALANÇO ENERG (MBE) S/DESLO;UN;0.0
3015233;REALOCAÇÃO DE CPREDE;UN;0.0
3015230;REALOCAÇÃO DE LUMINÁRIA;UN;0.0
3012500;REALOCAÇÃO UNID CHAVE FUSÍVEL P/ CONST;UN;0.0
3012507;REFORÇO DA BASE DO POSTE P/ RENOV ATIVO;UN;0.0
3013450;RELOC DE TP AUX-LV;UN;0.0
3005092;REMANEJAMENTO DE RAMAL;UN;0.0
3005110;REMANEJAMENTO DE RAMAL COM EMENDA;UN;0.0
3002361;RESTAURAÇÃO DE POSTE;UN;0.0
3015232;RET DE COBERT P/ INST DE ATERRAMENTO LV;UN;0.0
3014921;RET PROTEÇÕES E ESTRUT DE POSTE RD ENERG;UN;0.0
3006293;RETIR P SUBST POSTE C ESTRUT BT;UN;0.0
3006291;RETIR P SUBST POSTE C ESTRUT BT E MT-L M;UN;0.0
3007391;RETIRADA - SUBSTITUIÇÃO ESTRUTURA MT-LV;UN;0.0
3002333;RETIRADA DE  REDE BT;UN;0.0
3007380;RETIRADA DE CDR;UN;0.0
3002337;RETIRADA DE ESTRUTURA MT - L M;UN;0.0
3002339;RETIRADA DE ESTRUTURA MT - L V;UN;0.0
3014381;RETIRADA DE POSTE EM APOIO A LINHA VIVA;UN;0.0
3002316;RETIRADA DE POSTE SEM ESTRUTURAS - L M;UN;0.0
3002317;RETIRADA DE POSTE SEM ESTRUTURAS - L V;UN;0.0
3007376;RETIRADA DE REDE DE BT MULIPLEXADA RCSN;UN;0.0
3007378;RETIRADA DE REDE DE IP BIFÁSICA;UN;0.0
3006138;RETIRADA DE REDE E ESTRUTURA DE MT;UN;0.0
3006137;RETIRADA DE REDE MT;UN;0.0
3006295;RETIRADA P SUBSTITUIÇÃO DE RAMAL BT RCSN;UN;0.0
3007372;RETIRADA P/ RELOCAÇÃO DE ESTRUTURA MT;UN;0.0
3007382;RETIRADA P/RELOC/SUBST RAMAL - REDE RCSN;UN;0.0
3007565;RETIRADA P/SUBSTITUIÇÃO DE RAMAL AÉREO;UN;0.0
3007367;RETIRADA PARA SUBSTIT. ESTRUTURA MT-LM;UN;0.0
3006941;RETIRADA RAMAL  BT;UN;0.0
3007369;SERV DE MONTAG UARS DIV. S/DESLOCAM. -LM;UN;0.0
3007389;SERV DE MONTAG UARS DIV. S/DESLOCAM-LV;UN;0.0
3011970;SERV DE MONTAG UARS DIV C/DESLOC-RCSN LV;UN;0.0
3007008;SERV DE PEQUENA MONTA - L V S/DESLOC;UN;0.0
3007557;SERV DE MONTAG UARS DIV C/DESLOCAM - LV;UN;0.0
3006968;SERV DE MONTAG UARS DIV C/DESLOCAM - LM;UN;0.0
3007368;SERV DE MONTAG UARS DIV C/DESLOC-RCSN LM;UN;0.0
3006969;SERVIÇO DE PEQUENA MONTA;UN;0.0
3001874;SERVIÇO DE PEQUENA MONTA COM L V;UN;0.0
3006973;SERVIÇO DE PEQUENA MONTA SEM DESLOCAMENT;UN;0.0
3006303;SUBSTITUIÇÃO - RETIRADA DE POSTE;UN;0.0
3011799;INST REDE MT MULT ISOL 13,8KV C/EST - CO;UN;0.0
3011960;INSTAL P/ SUBST RAMAL - REDE RCSN;UN;0.0
3011961;RETIRADA P/ SUBST RAMAL - REDE RCSN;UN;0.0
3011962;RELOCAÇÃO DE RAMAL - REDE RCSN;UN;0.0
3012330;INSTAL 1 FASE REDE MT 7,62KV - BLINDAGEM;UN;0.0
3015571;INSTALAÇÃO CHAPA DE PROTEÇÃO PORTA CMB;UN;0.0
3015590;INST CABO ARMADO INTERLIGANDO CMB;UN;0.0
3015570;RETIRAR CABO INTERLIGANDO CMB;UN;0.0
3015546;INST DO ALIMENTADOR TRANÇADO COM MANTA;UN;0.0
3015565;INST CHAPA NA PORTA CAB ARMADO INTER CMB;UN;0.0
3012360;REALOCAÇÃO DE CS;UN;0.0
3011770;INSTAL DE REDE  BT MULTIPL - COMUNIDADES;UN;0.0
3011771;INSTAL DE REDE DE MT COMPAC - Comunidade;UN;0.0
3011772;INSTAL REDE DE MT CONVENCL - Comunidade;UN;0.0
3011773;INST REDE E ESTRUT MT COMPAC-Comunidade;UN;0.0
3011774;INSTAL DE REDE MT MULTIPLEX - Comunidade;UN;0.0
3011775;INSTALAÇÃO RAMAL  BT - Comunidade;UN;0.0
3011776;NIVEL DE REDE MT - LM MANUT - Comunidade;UN;0.0
3011777;RET DE ESTRUT MT - LM MANUTE -Comunidade;UN;0.0
3011780;RET DE POSTE S EST - LM MANUT-Comunidade;UN;0.0
3011781;RET DE REDE E EST MT-LM MANUT-Comunidade;UN;0.0
3011782;RET DE REDE MT - LM MANUT-Comunidade;UN;0.0
3011783;RET RAMAL  BT - LM P MANUT - Comunidade;UN;0.0
3011795;DESLOC MANUAL PTE/EQUIP-Const-Comunidade;UN;0.0
3011796;DESLOC MANUAL PTE/EQUIP-Manut-Comunidade;UN;0.0
3011797;INST REDE BT MULTIP FACHADA - Comunidade;UN;0.0
3011798;INST REDE BT CONVENC ABERTA - Comunidade;UN;0.0
3011800;INST P SUBST PTE C/EST BT/MT-Comunidade;UN;0.0
3011801;INST P SUBST PTE C/ESTRUT BT- Comunidade;UN;0.0
3011802;INSTAL P SUBST EST MT-CONST - Comunidade;UN;0.0
3013260;INST SUBST REDE MT COMPACTA - Comunid;UN;0.0
3013261;INSTAL SUBST REDE MT CONVENC - Comunid;UN;0.0
3013262;INSTAL SUBST REDE BT MULTIPLEX - Comunid;UN;0.0
3013263;INSTAL SUBST REDE MT MULTIPLEX - Comunid;UN;0.0
3006944;ACEIRO EM POSTE PARA CONSTRUÇÃO DE REDE;UN;0.0
3014760;RECOL REDE BT MULTIPLEXADA C ESTRUT;UN;0.0
3014781;DESLOCAR REDE BT MULTIPLEXADA C ESTRUT;UN;0.0
3014761;RECOL REDE BT CONVENCIONAL  C ESTRUT;UN;0.0
3014780;DESLOCAR REDE BT CONVENCIONAL C ESTRUT;UN;0.0
3014762;RECOL  REDE MT MULTIPLEXADA C ESTRUT;UN;0.0
3014769;DESLOCAR REDE MT MULTIPLEXADA C ESTRUT;UN;0.0
3014763;RECOL REDE MT CONVENCIONAL 34,5 KV C EST;UN;0.0
3014768;DESLOCAR REDE MT CONVENCIONAL 34,5 KV C;UN;0.0
3014764;RECOL REDE MT  COMPACTA 34,5 KV C ESTRUT;UN;0.0
3014767;DESLOCAR REDE MT  COMPACTA 34,5 KV C EST;UN;0.0
3000192;INST.CABO BT ATÉ400MM2 VALA(INCL.NEUTRO);UN;0.0
3002380;EMENDA MT-RETA/TRANS./TERMINAL EM POSTE;UN;0.0
3005098;CONEXÃO DA LUMINÁRIA;UN;0.0
3006962;TRANSPORTE EXTRAORDINÁRIO PARA CONSTRUÇÃ;UN;0.0
3013066;SERVIÇO DE ESTUDO DE REDE - LNC;UN;0.0
3013067;SERVIÇO DE ESTUDO DE REDE - BLINDAGEM;UN;0.0
3008230;PODA L.  MORTA C/RECOLHA PARA CONSTRUÇÃO;UN;0.0
3001884;INSTALAÇÃO DE RAMAL DE LIGAÇÃO AÉREO;UN;0.0
3001976;INST. CONJ MEDIÇÃO PONTALETE, COM RAMAL;UN;0.0
3001977;INST. DE CONJ MEDIÇÃO FACHADA ,COM RAMAL;UN;0.0
3001978;INST.CONJ MEDIÇÃO POSTE 5/7M, COM RAMAL;UN;0.0
3006156;INSTALAÇÃO DE CAIXA CDJ;UN;0.0
3006159;RETIRADA DE CONJ DE MEDIÇÃO;UN;0.0
3006162;INSTALAÇÃO DE RAMAL INTERNO (BAIXA RENDA;UN;0.0
3006314;INST DE MED MONOF OU POLIF S RAMAL;UN;0.0
3007126;INSTALAÇÃO DO TERMINAL DE LEITURA INDIVI;UN;0.0
3007151;"INSTALAÇÃO DE RAMAL EM PC - DUTO 2""";UN;0.0
3007152;"INSTALAÇÃO DE RAMAL EM PC - DUTO 3""";UN;0.0
3007563;INSTAL CAIXA CS INCLUINDO CONEXÃO CONST;UN;0.0
3007153;"INSTALAÇÃO DE RAMAL EM PC - DUTO 4""";UN;0.0
3008062;INST MED SMC-MONO/POLI C RAMAL E TLI-BTX;UN;0.0
3008063;INST MED SMC-MONO/POLI C RAMAL E TLI;UN;0.0
3009239;ANÁLISE_INSTALAÇÃO_CP;UN;0.0
3009248;RELOC_CP_CS_ RAMAL;UN;0.0
3012482;HH TURMA_NORMALIZAÇÃO REDE SMC;UN;0.0
3012547;RET_CONCENTRADOR SECUNDÁRIO;UN;0.0
3013104;INSTAL RAMAL LIGAÇÃO AÉREO -REDE BT ZERO;UN;0.0
3014850;INSTAL MED SMC MONO/POLI C/ TLI S/RAMAL;UN;0.0
3014870;INSTALAÇÃO PAINEL CMB C 48;UN;0.0
3014871;INST.RAMAL BT0 CAIXA BLIND 144 POS(DUTO);UN;0.0
3014874;RELOC MEDIDOR E RAMAL P/ CAIXA BLINDADA;UN;0.0
3015381;RETIRADA DE CAIXA BLINDADA;UN;0.0
0;CUSTO MSD;UN;0.0
1;Clientes:;UN;0.0
3012361;713.58;UN;0.0
3012363;751.14;UN;0.0
3012365;790.68;UN;0.0
3012367;832.29;UN;0.0
3012401;922.21;UN;0.0
3012403;970.74;UN;0.0
3012405;1405.03;UN;0.0
3012407;1613.42;UN;0.0
3012409;1613.42;UN;0.0
3012411;2616.23;UN;0.0
3012413;2672.21;UN;0.0
3012415;4360.39;UN;0.0
3012561;109.26;UN;0.0
3012563;115.01;UN;0.0
3012565;121.07;UN;0.0
3012567;127.44;UN;0.0
3012569;134.14;UN;0.0
3012601;141.21;UN;0.0
3012603;148.64;UN;0.0
3012605;156.46;UN;0.0
3012607;164.69;UN;0.0
3012609;164.69;UN;0.0
3012611;244.18;UN;0.0
3012613;297.59;UN;0.0
3012615;488.36;UN;0.0
177071;TELA POLIESTER COR PRETA;UN;0.0
177072;TELA POLIESTER COR LARANJA;UN;0.0
177145;LAMPADA 12V REF GE 1245;UN;0.0
177249;"BATERIA;AUTOM.;CHUMBO-ÁCIDO; 12V; 150AH";UN;0.0
177282;"BATERIA;AUTOMOTIVA;CHUMBO-ÁCIDO;12V;43A";UN;0.0
177283;"BATERIA;AUTOMOTIVA;CHUMBO-ÁCIDO;12V;56A";UN;0.0
177284;"BATERIA;AUTOMOT.;CHUMBO-ÁCIDO;12V;117AH";UN;0.0
177285;"BATERIA;AUTOMOT.;CHUMBO-ÁCIDO;12V;180AH";UN;0.0
177286;"BATERIA;AUTOMOTIVA;CHUMBO-ÁCIDO;12V;95A";UN;0.0
177289;"BATERIA;AUTOMOT.;CHUMBO-ÁCIDO;12V;140AH";UN;0.0
177516;PORCA SEXT, 5/16, ROSCA FINA;UN;0.0
179030;ÓLEO DE MAMONA P/AUTOS;UN;0.0
180002;CÂMARA PNEUMAT.GM 6,50 X 16;UN;0.0
180005;"CÂMARA; P/PNEU 7.50-16";UN;0.0
180009;"CÂMARA; P/PNEU 6.50-10";UN;0.0
180015;"PNEU;P/CAMIONETE/PICK-UP/CAMINHÃO;750-1";UN;0.0
180020;"CÂMARA; P/PNEU 145-13";UN;0.0
180021;"CÂMARA; P/PNEU 215/80-16";UN;0.0
180022;CÂMARA PNEUM.ENGES.TOYOT.670X16;UN;0.0
180023;CÂMARA P/PNEU 7.00-16;UN;0.0
180024;"CÂMARA; P/PNEU 7.35-14";UN;0.0
180030;"PNEU; P/CAMIONETE D10 (GM); 7.00-16";UN;0.0
180078;"PNEU; P/PICK-UP F-1000A; 215/80-16";UN;0.0
180079;PNEU 215X80 RADIAL RECAUCH;UN;0.0
180082;"PNEU; P/CAMIONETE KOMBI (VW);7.35-14";UN;0.0
180089;PNEU 7.00 X 12, 12 LONAS;UN;0.0
180095;"PNEU; P/CARAVAN/OPALA; 195/70-14";UN;0.0
180104;PNEU 5.60X15, 4 LONAS;UN;0.0
180109;"PNEU; P/EMPILHADEIRA 2 T; 6.50 X 10";UN;0.0
180111;PNEU 6.50 X 16 RECAUCHUTADO;UN;0.0
180129;CÂMARA PNEUMAT.VW 5.60 X 15;UN;0.0
180140;PNEU 7.50X15 RECAUCHUTADO;UN;0.0
180148;PNEU 750X15 RECAUCHUTADO;UN;0.0
180150;"PNEU; P/ESCORT E GOL 1000; 155/80-13";UN;0.0
180155;"PNEU;P/PARATI E GOL 1000-16V; 175/70-13";UN;0.0
180156;"CÂMARA; P/PNEU 175/70-13";UN;0.0
180157;"PNEU; P/FIAT ELBA; 165/70-13";UN;0.0
180158;PNEU 165X70X13 RECAUCHUTADO;UN;0.0
180163;PNEU 7.50X16 RECAUCHUTADO;UN;0.0
180181;"PNEU; P/EMPILHADEIRA; 8.25-15";UN;0.0
180182;CÂMARA PNEUM.EMP.CARRET.8.25X15;UN;0.0
180193;PNEU 7.35 X 14 RECAUCHUTADO;UN;0.0
180230;"PNEU; RADIAL; P/FIAT UNO; 145-13";UN;0.0
180231;PNEU 145X13 RADIAL RECAUCHUT.;UN;0.0
180240;PNEU 175/70X13 RADIAL RECAUCH;UN;0.0
180456;CÂMARA PNEUMAT.SCANIA 11.00X22;UN;0.0
180460;"PNEU; P/SCANIA VABIS; 11.00-22";UN;0.0
180461;PNEU 11.00X22 RECAUCHUTADO;UN;0.0
180502;PNEU 7.00X16 RECAUCHUTADO;UN;0.0
180642;PNEU 6.50X16 6 LONAS;UN;0.0
180672;"CÂMARA; P/PNEU 10.00-20";UN;0.0
180688;"PNEU; P/CAMIONETES; 9.00-20";UN;0.0
180693;"PNEU; P/REBOQUE; 7.50-15";UN;0.0
180694;PNEU 9.00X20 RECAUCHUTADO;UN;0.0
180697;CÂMARA PNEUM.GM FORD 8.25 X 20;UN;0.0
180698;CÂMARA PNEUM.GM FORD 9.00 X 20;UN;0.0
180700;"PNEU; P/CAMINHÃO/GUINDASTE; 10.00-20";UN;0.0
180701;PNEU 1000X20 RECAUCHUTADO;UN;0.0
180703;PNEU 1.75 X 25, 16 LONAS;UN;0.0
180707;"PNEU; P/TOYOTA; 7.50-16";UN;0.0
180708;"PNEU; P/CAMIONETE; 185-15";UN;0.0
200000;"CESTA FIBRA VIDRO;P/HOTSTIK";UN;0.0
200001;GRAMPO ATERRAM TEMPOR 138KV;UN;0.0
200002;"GRAMPO ATERR;MULTI-ANGULAR";UN;0.0
200003;TERM ESPEC 138KV,HITACHI CABLE;UN;0.0
200004;FORQUILHA DUPLA DES-L-70164;UN;0.0
200005;TERMINAL COMPRES CABO 266,8KCM;UN;0.0
200006;EMENDA PREFORM P/CAA 795 KCM;UN;0.0
200007;EMENDA NORMAL P/CABO OF 132 KV;UN;0.0
200008;EMEND RETEN.PIRELLI GAR1170/15;UN;0.0
200009;JUNTA RETA P/CABO SUBT 600 MM2;UN;0.0
200010;CABEC TERM,PIREL.ANTIFOG TEA/1;UN;0.0
200011;"CABO ELÉT.NU CA;4/0AWG;OXLIP";UN;0.0
200012;GRAMPO P/CABO DE ACO DE 3/8POL;UN;0.0
200013;VARA MANOBRA P/COLOC E RETIRAD;UN;0.0
200014;TERMINAL COMPRES CABO 166,8KCM;UN;0.0
210000;CARTUCHO FILTRAGEM OLEO 170MM;UN;0.0
210001;CARTUCHO FILTRAGEM OLEO 200MM;UN;0.0
210002;OLEO LUB.SIST.HIDR.DISJ A SF6;UN;0.0
210003;"OLEO ISOL;TRANSF R SUBT; MINER";UN;0.0
210004;"ÓLEO;LUBRIFICANTE;P/SIST.HIDR.DISJ. SF6";UN;0.0
210005;"TAMBOR ACON;OLEO ISOL;ACO;200L";UN;0.0
210006;CHAVE RETIFICADOR 125V 35A;UN;0.0
210007;CHAVE COMANDO MEC DE DISJUNTOR;UN;0.0
210008;SUPORTE P/ESTACAO BLINDADA;UN;0.0
210009;CHAVE COMUTADORA GE 16SB1CA7X2;UN;0.0
210010;CHAVE AUTO-MANUAL GE TIPO SB-1;UN;0.0
210011;CHAVE TRANSF GE K-462805/3;UN;0.0
210012;CHAVE INSTR WHSE W, NO.1530167;UN;0.0
210013;CHAVE TESTE WHSE.FT-1 P/POTENC;UN;0.0
210014;CHAVE SOLENOID B21-AA7776 KD1;UN;0.0
210015;CARTA GRAF PAP ROLO 9/2(LARG);UN;0.0
210016;GAXETA P/CHAVE ATERRAMENTO SF6;UN;0.0
210017;RESISTOR/SINALE,BLIN.BB 2.9K25;UN;0.0
210018;PAINEL DE ARDOSIA SEM FURACAO;UN;0.0
210019;LENTE PLAST BR/SINAL 52/125.24;UN;0.0
210020;BOTAO DE COMANDO SBW/1ACE;UN;0.0
210021;CHAVE DE ONDA P/RETIFICADOR;UN;0.0
210022;CHAVE CONTROLE SB-1, 4 CAMARAS;UN;0.0
210023;CHAVE REVERSAO WHSE W, 519110D;UN;0.0
210024;CHAVE CONT MANTIDO WHSE W-2;UN;0.0
210025;CHAVE CONTR WHSE W, NO.1649142;UN;0.0
210026;CHAVE SOLENOID C12,AD7.115/KD1;UN;0.0
210027;CHAVE WHSE TIPO W, NO.1616151;UN;0.0
210028;CHAVE DE REVERSAO AMPERIMETRO;UN;0.0
210029;CHAVE WHSE TIPO W N. 1151877-D;UN;0.0
210030;CHAVE SOLENOID B21-AD7.113-KD;UN;0.0
210031;CHAVE WHSE TIPO W, S505A747GO1;UN;0.0
210032;CHAVE CAME P/RELE RELIGADOR;UN;0.0
210033;CHAVE SOLENOID C18-AB7-697-E;UN;0.0
210034;CORDOALHA P/CONTAT AUX CH COMU;UN;0.0
210035;INTERRUPTOR PAINEL 2NA+2NF ACE;UN;0.0
210036;CHAVE B12,B13,B14,M.REINHAUSEN;UN;0.0
210037;CHAVE SEMITRANS 6-4A093/20E;UN;0.0
210038;CHAVE P/ESTACAO BLINDADA;UN;0.0
210039;"SINALEIRO;BA9S;C/RESIST E LAMP";UN;0.0
210040;SINALEIRO SERIE 200R TP 58/21R;UN;0.0
210041;CHAVE SELETORA WESTON T316EU1;UN;0.0
210042;CONVERSOR CC/CC NIFE R1125VB35;UN;0.0
210043;CHAVE SEMITRANS 4-4A022/16E;UN;0.0
210044;FUSIVEL CARTUCHO 63A 15-17,5KV;UN;0.0
210045;BOB.PRINC GE ESPEC 3192878;UN;0.0
210046;FUSIVEL LIMIT CORR 16A 15/17,5;UN;0.0
210047;FUSIVEL CARTUCHO 15/17,5KV 6A;UN;0.0
210048;FUSIV CARTUCH GARDY 17,5KV-15A;UN;0.0
210049;FUSIVEL 0,5E A, 23KV P/TRAFO;UN;0.0
210050;"TRANSFORMADOR CORRENTE; 15 KV; 15X30-5";UN;0.0
210051;"TRANSFORMADOR CORRENTE;15 KV;300-5 A";UN;0.0
210052;"TRANSFORMADOR CORRENTE;15 KV;600-5 A";UN;0.0
210053;TC 15KV 2000/1200/5A WHSE/RCT;UN;0.0
210054;CHAVE ROTATIVA P/TRAFO FORCA;UN;0.0
210055;CONTATOR MAGNET AUX,CA2-DN131;UN;0.0
210056;CHAVE TELUX TIPO T-310;UN;0.0
210057;CONTATOR MAGN,B/B SLA7II-B132;UN;0.0
210058;CONT.FIXO TUSA 37712498 P/CACC;UN;0.0
210059;CONT MOVEL PRINC.TUSA 37712498;UN;0.0
210060;CONT.FIXO PRINC.TUSA 37712498;UN;0.0
210061;CONTATO MOVEL TUSA 37712498;UN;0.0
210062;RELE P/TRAFO 15/20MVA B BOVERI;UN;0.0
210063;RESISTO 6300 OHMS ASEA MRA-100;UN;0.0
210064;CONTATOR CA B.TENSAO ASEA EG20;UN;0.0
210065;CONTATOR AUX P/TRAFO POTENCIA;UN;0.0
210066;INDICADOR NIVEL OLEO 8333KVA;UN;0.0
210067;INDICADOR MAGNET TRIF 30/40MVA;UN;0.0
210068;NIVEL MAGNE OLEO TRAFO 3000KVA;UN;0.0
210069;INDIC COMUT DERIV P/TRAFO ASEA;UN;0.0
210070;VENTILAD TRAFO 20MVA B BOVERI;UN;0.0
210071;RELE TEMPORIZADO ASEA TIPO RKP;UN;0.0
210072;INDIC FLUXO OLEO P/TRAFO 40MVA;UN;0.0
210073;INDIC MAGNET OLEO TRAFO FORCA;UN;0.0
210074;RESISTOR ATERR P/TRAFO 20 MVA;UN;0.0
210075;CONTROLE VENTIL TRAFO 30/40MVA;UN;0.0
210076;COMUTADOR COMAN.AUT.VENTILADOR;UN;0.0
210077;PROTECAO P/MOTOR(MSS),B.BOVERI;UN;0.0
210078;RELE BUCHHOLZ P/TRAFO;UN;0.0
210079;RELE BUCHHOLZ P/TRAFO 30/40MVA;UN;0.0
210080;CONTATOR MAGN,B.B SLA12IIB152;UN;0.0
210081;RELE BUCHHOLZ;UN;0.0
210082;CONTATOR TELEMECANIQ. CA2-AS22;UN;0.0
210083;RELE TERMICO ELETROMAR RT-1100;UN;0.0
210084;CHAVE PROT BBC581214 COMUT MR;UN;0.0
210085;RELE BUCHHOLZ TRAFO 15/20 MVA;UN;0.0
210086;MOTOR BBC COMUT MA-4;UN;0.0
210087;CONTATOR BBC TP SLA-12-11-B152;UN;0.0
210088;INDIC TEMPER OLEO/TRAFO,AKW 35;UN;0.0
210089;INDIC TEMPER ENR./TRAFO,AKM 35;UN;0.0
210090;CONTATO COMUT, MR IA38/74E;UN;0.0
210091;CONTATO ELETRICO TIPO LA1-D11;UN;0.0
210092;ELEMENTO P/CIRC VENTILADORES;UN;0.0
210093;SUPORTE RELE TERMICO LA7-D0954;UN;0.0
210094;CHAVE P/QUADRO SINOPTICO;UN;0.0
210095;BLINDAGEM P/CONJ BLIND 138KV;UN;0.0
210096;SUPORTE P/CONJUNTO BLIND SF6;UN;0.0
210097;VALVULA ENCHIMENTO SF6 138KV;UN;0.0
210098;ARRUELA P/BUJAO ESTANQUEIDADE;UN;0.0
210099;INVOLUCRO 440MM X 366MM P/CONJ;UN;0.0
210100;CHAVE PROTECAO MOTOR TIPO M611;UN;0.0
210101;MOTOR P/COMUTADOR MA-7;UN;0.0
210102;INVOLUCRO T DELLE 918532-001;UN;0.0
210103;INVOLUCRO T DELLE 918394-001;UN;0.0
210104;CONTATO MOV PRINC DISJ GE 15KV;UN;0.0
210105;INVOLUCRO T DELLE 918393-001;UN;0.0
210106;BARREIRA CONT.EST,GE195A7388G2;UN;0.0
210107;ADAPTADOR DISJ IGE FKA34515002;UN;0.0
210108;CHAVE INTERTRAV P/DISJ AR 13KV;UN;0.0
210109;CIL. PRESSAO GE 0263B0292P002;UN;0.0
210110;ANEL CONTATO DISJ WHSE 34500V;UN;0.0
210111;CONTATO MOVEL P/DISJ.GE AM 7H;UN;0.0
210112;CONTATO MOVEL ARCO P/DISJ.CGE;UN;0.0
210113;CONTATOR MAGNETICO P/DISJ. SF6;UN;0.0
210114;CHAVE BLOQUEIO DSJ AR MITSUB;UN;0.0
210115;CONT DEDO DSJ MITSU 10-DHE-50M;UN;0.0
210116;MOTOR 1POLO/DSJ,E.DRILL SD-20A;UN;0.0
210117;PLACA DELLE 833893/002 P/RELE;UN;0.0
210118;PLACA DELLE 833893/601 P/RELE;UN;0.0
210119;PLACA DE DIODO REF DELLE MX;UN;0.0
210120;CONTATO MOVEL PRINC.DISJ.MARIN;UN;0.0
210121;PROTETOR ARCO P/DSJ M/D 13,8KV;UN;0.0
210122;COMUT.TETRAPOLAR 2CONT.NA, 2NF;UN;0.0
210123;ENGREN CARREG MOLA P/150DHP500;UN;0.0
210124;RELE Y SCHRACK RL300110;UN;0.0
210125;BUCHA PORC 2KA 13.8KV GE;UN;0.0
210126;CONTATO MOVEL PRINC.P/DISJ.SF6;UN;0.0
210127;CONTAC EST ARCO,CGE 123A8559G1;UN;0.0
210128;CONTATO MOVEL ARCO P/DISJ.IGE;UN;0.0
210129;CONTATO FIXO PRINC.P/DISJ.SF6;UN;0.0
210130;MOLA REST.SUP DSJ,GE 0137A9252;UN;0.0
210131;MOLA LINGUETA GE EST BL 13,8KV;UN;0.0
210132;MOLA P/DISJ A AR 1200A, 13KV;UN;0.0
210133;GAXETA P/CONJ BLINDADA 138KV;UN;0.0
210134;CONTATO MOVEL PRINCIPAL P/DISJ;UN;0.0
210135;BOB FECH OU ABERT WHSE 1491991;UN;0.0
210136;CHAVE AUX.ITE BOL.RP-8.2.8-9/3;UN;0.0
210137;CONTAT MOVEL PISTAO P/DISJ GVO;UN;0.0
210138;CONTATO LAMINA DELLE292705-01;UN;0.0
210139;CONTATO MOVEL ARCO P/DISJ SF6;UN;0.0
210140;CONTATO ESTAC.ARCO, DISJ. SF6;UN;0.0
210141;MOLA BOB REARMAMENTO N.25782-4;UN;0.0
210142;MOLA CONT DEDO GE 06509787P1;UN;0.0
210143;MOLA ABERT CGE 0191A7365P001;UN;0.0
210144;MOLA ENGATE CGE 0197A1131P001;UN;0.0
210145;MOLA FECHAM CGE 0473L0113G003;UN;0.0
210146;MOLA TRAVAM CGE 0197A1130P001;UN;0.0
210147;BLINDAGEM P/EST BLIND 138KV;UN;0.0
210148;BLINDAGEM DELLE DES 917821-001;UN;0.0
210149;RODA CATRACA P/DISJ.GE E CGE;UN;0.0
210150;BUCHA CONDENSIVA P/DISJ OLEO;UN;0.0
210151;CONTATO ESTAC.GE 0103A6953G701;UN;0.0
210152;CONTATO MOVEL PRINC.DISJ.WHSE.;UN;0.0
210153;ENGATE FECHAM WHSE 663A66H01;UN;0.0
210154;PORCA P/CHAVE ESTACAO BLINDADA;UN;0.0
210155;ARRUELA ISOLANTE P/SUBEST BLIN;UN;0.0
210156;CONTATO ROTULA P/ESTACAO A SF6;UN;0.0
210157;ANEL P/CHAVE ATERRAMENTO;UN;0.0
210158;CONTATO SUPORTE P/ESTACAO SF6;UN;0.0
210159;DEDO CONTATO DELLE 155548;UN;0.0
210160;MOLA CONT DEDO HBN-22668-357;UN;0.0
210161;MOLA CONT DEDE HBS-22668-358;UN;0.0
210162;"CONTATO ELE;MOVEL PRINCIPAL";UN;0.0
210163;RESISTOR DISJ GE 0195X0580G-3;UN;0.0
210164;BOBINA PRINC. GE WSF612877452;UN;0.0
210165;BOBINA ABERT CGE 25895G P/CIRC;UN;0.0
210166;BOBINA VALV DISJ CGE 25781GR2;UN;0.0
210167;HASTE LEVANT WHSE DES 551C-448;UN;0.0
210168;VALVULA C WHSE 3AH15-646;UN;0.0
210169;CONTATO MOVEL CGE P-4463360GR2;UN;0.0
210170;CHAVE LIMITADORA CIRC ABERT GE;UN;0.0
210171;ACOPLAMENTO M-EDISON EZ0021717;UN;0.0
210172;CHAVE AUX DISJ FC-864890AJ;UN;0.0
210173;VALVULA DESCAR MCGRAW FB-8059;UN;0.0
210174;VALVULA RELE MCGRAW FB-10476;UN;0.0
210175;MOLA CONT PRIM GE 121A5964P1;UN;0.0
210176;BOMBA ELET CAT M-2656 P/DISJ;UN;0.0
210177;CHAVE AUX DISJ FC001091900C;UN;0.0
210178;CHAVE AUX DISJ FC001091900D;UN;0.0
210179;LING ABERT CONJ DSJ FD005035;UN;0.0
210180;MOLA ABERTURA DSJ SCA00055A001;UN;0.0
210181;MOLA ARRANCO M-EDISON FA-14678;UN;0.0
210182;PISTAO RELE MCGRAW FB-10475;UN;0.0
210183;RESISTOR MCGRAW EDISON E-30332;UN;0.0
210184;VALVULA MCGRAW FC000193000A;UN;0.0
210185;VALVULA ISOL MCGRAW FB0001677;UN;0.0
210186;VALVULA LIMIT MCGRAW FB0001645;UN;0.0
210187;VALVULA PILOT,MCGRAW NZ0001709;UN;0.0
210188;VALVULA POSIC MCGRAW FB-1692;UN;0.0
210189;INDIC NIVEL OLEO DISJ GE BKSO;UN;0.0
210190;BOBINA DISJ OLEO CGE 25929GR2;UN;0.0
210191;ANEL PISTAO P/DISJ.A OLEO 1200;UN;0.0
210192;CONTATO FIX BUCHA MITSUBIS 201;UN;0.0
210193;CHAVE PRESSAO MITSUBISHI 841;UN;0.0
210194;CHAVE PRESSAO GE CAT 6477807P4;UN;0.0
210195;"CONTATO ELETRICO;MOVEL;34,5KV";UN;0.0
210196;MOLA P/RELE 2412506;UN;0.0
210197;CONTATO DEDO CGE 188A9140PT1;UN;0.0
210198;RELE PRESSAO GE 6477807P4;UN;0.0
210199;VALVULA CONTROLE GE 178L0119G5;UN;0.0
210200;CONTATO PONTA DSJ GE 6440364P1;UN;0.0
210201;TERMINAL GE 6509102G11 P/DISJ;UN;0.0
210202;HASTE CENTRAL DSJ GE 428A460G1;UN;0.0
210203;GAXETA TAMPA FRONTAL DISJUNTOR;UN;0.0
210204;"JUNTA;TAMPA CHAVETA GE";UN;0.0
210205;HASTE ISOL CONT GE 197A1399G1;UN;0.0
210206;CONTATO ESTAC ARCO DES C-0105;UN;0.0
210207;CONTATO ESTAC.PRINC.P/DISJ.CGE;UN;0.0
210208;CONTATO DEDO CGE 527A870GR1;UN;0.0
210209;CHAVE ROTATIVA DISJ MITSUB 614;UN;0.0
210210;LAMINA CONT DSJ CGE 597B436PT1;UN;0.0
210211;LAMINA CONT DSJ CGE 597B436PT2;UN;0.0
210212;GUIA DE HASTE ESQ DSJ FC-8580;UN;0.0
210213;GUIA DE HASTE ESQ DSJ FA13297B;UN;0.0
210214;CONTATO ESTAC ARCO DES C-0106;UN;0.0
210215;MOLA CONT M-EDISON FA-9650-A;UN;0.0
210216;CHAVE PRESSAO DISJ FC-10298-A;UN;0.0
210217;RESISTOR CONJ REF 200 P/DISJ;UN;0.0
210218;RESISTOR 500 OHMS 95W, P/DISJ;UN;0.0
210219;VALVULA SEGUR CGE 188A9281PT3;UN;0.0
210220;CARCACA DESCARREGADOR CONJUNTO;UN;0.0
210221;VALV GLOBO 1/4 MACHO P/DSJ;UN;0.0
210222;MOLA CONT INTERM WHSE 1576714;UN;0.0
210223;PARAF CONTAT INTERM,DISJ.1200A;UN;0.0
210224;BOB OPERACAO WHSE 503C428G02;UN;0.0
210225;VALVULA MAGNET WHSE 1615520;UN;0.0
210226;VALVULA DESC CONT WHSE 1647846;UN;0.0
210227;BOB OPERACAO WHSE 503C428G04;UN;0.0
210228;MANCAL DE LUVA WHSE 164A359H01;UN;0.0
210229;TC BUCHA WHSE 382D742G06 DISJ;UN;0.0
210230;CAPACITOR AUX 505D525G06 DISJ;UN;0.0
210231;CAPACITOR CORRECAO 366C485G01;UN;0.0
210232;CAPACITOR WHSE GM-5C, 1576448;UN;0.0
210233;CONTATO PRINC MOVEL DES C-0108;UN;0.0
210234;ANEL COMPRES P/COMPRESSOR A AR;UN;0.0
210235;ANEL LUBRIFICADOR P/COMPRES AR;UN;0.0
210236;ANEL RETENTOR P/COMPRESSOR AR;UN;0.0
210237;CONTATO MOVEL WHSE DES 301C131;UN;0.0
210238;CONTATO ESTAC, DISJ.GVO 2000A;UN;0.0
210239;TAMPA TERMINAL P/COMPRESSOR AR;UN;0.0
210240;GAXETA CABECA CIL P/COMPRES AR;UN;0.0
210241;LIGADOR FLEX WHSE DES-L 69831;UN;0.0
210242;GAXETA P/A TAMPA LATERAL WHSE;UN;0.0
210243;VALV CONTROLE WHSE EST 1647849;UN;0.0
210244;CONTATO MOVEL ARCO 18C9843G04;UN;0.0
210245;CONTATO MOVEL WHSE 22B1645H03;UN;0.0
210246;SUPORTE P/DISJUNTOR AR 13,8KV;UN;0.0
210247;CONTATO ESTACION P/DISJ 34500V;UN;0.0
210248;CONTATO ESTACION P/DISJ 34500V;UN;0.0
210249;CONTATO ESTAC.P/DISJ.GVO WHSE.;UN;0.0
210250;CONTATO MOVEL P/DISJ WHSE 63KA;UN;0.0
210251;BOBINA DE ABERTURA H-46122;UN;0.0
210252;BOBINA CHAVE LIMITE H-51749;UN;0.0
210253;BOBINA EMBREAGEM H-49784;UN;0.0
210254;BOBINA RELE S-7, H-49184;UN;0.0
210256;CONTATO MOVEL P/DISJ.GE AM-13;UN;0.0
210257;"CONTATO ELETR.;ESTACIONÁRIO ARCO;34,5KV";UN;0.0
210258;CONTATO MOVEL P/DSJ WHSE 0-221;UN;0.0
210259;CHAVE AUX DISJ WHSE N.1491101;UN;0.0
210260;VALV DESCARGA P/COMPRESSOR AR;UN;0.0
210261;VALV SUCCAO P/COMPRESSOR DE AR;UN;0.0
210262;CHAVE PRESSAO DSJ WHSE55019-80;UN;0.0
210263;CHAVE AUX P/DISJ WHSE H-68637;UN;0.0
210264;TERMINAL CHAVE BURNDY NA-174-W;UN;0.0
210265;TERM CHAVE FACA BURNDY NA154N;UN;0.0
210266;MOTOR CHAVE EASTERN MO 70442;UN;0.0
210267;DISP POTENCIAL SC 81364-G-S145;UN;0.0
210268;CONTATO FIXO DEDO P/SECCION SF6;UN;0.0
210269;CHAVE FIM CURSO WELL BZ-2RW822;UN;0.0
210270;ACIONAMENTO MOTOR.P/TRAFO, MAE;UN;0.0
210271;BUCHA PORCELANA H-55463;UN;0.0
210272;BUCHA MITSUB DTS DES HE-78476;UN;0.0
210273;BUCHA CGE 1351-1 TIP.LC TRAFO;UN;0.0
210274;BUCHA ASEA DES.BR27611104;UN;0.0
210275;BUCHA TERMI.P/TRAFO 15MVA;UN;0.0
210276;BUCHA PORC.CGE TIPO L 1305-1;UN;0.0
210277;BUCHA B-BOVERI TIPO 15/2000;UN;0.0
210278;BUCHA P/NEUTRO B-BOVERI TRAFO;UN;0.0
210279;BUCHA PORC.RESILAN RTF 400A;UN;0.0
210280;BUCHA RESILAN DES BIRB-490001;UN;0.0
210281;BUCHA TERMI COEMSA DES 3TO0109;UN;0.0
210282;BUCHA TERMI COEMSA 15-110-1250;UN;0.0
210283;BUCHA TERMI COEMSA 15-110-2250;UN;0.0
210284;SUPORTE COLUNA ISOLADOR 138KV;UN;0.0
210285;FUSIVEL ROLHA, 25A, 125V;UN;0.0
210286;CONECTOR SUP APOIO 1.1/2IPSX5BC;UN;0.0
210287;CONECTOR TE TUBO CU 1.1/2 IPS;UN;0.0
210288;CONECTOR TE TUBO 1IPSX250 KCM;UN;0.0
210289;CONECTOR DERIVACAO 500X500KCM;UN;0.0
210290;CONECTOR TE CU 1.1/2IPSX250KCM;UN;0.0
210291;CONECTOR DERIV. LIGA DE COBRE;UN;0.0
210292;CONECTOR DERIV. LIGA DE COBRE;UN;0.0
210293;CONECTOR TE CABO CU 500X250 KCM;UN;0.0
210294;CONECTOR TE BZ 1250KCMX1.1/2IPS;UN;0.0
210295;CONECTOR BZ 3X1/4POLXTUBO 1.1/2;UN;0.0
210296;CONECTOR TE BZ CABO 500X1250KCM;UN;0.0
210297;CONECTOR TE CU 1000KCMX500KCM;UN;0.0
210298;CONECTOR TE CU 1.1/2IPSX500KCM;UN;0.0
210299;CONECTOR RETO 1.1/2 IPSX1250KCM;UN;0.0
210300;CONECTOR TE BZ FIO 410X3/4DIA;UN;0.0
210301;CONECTOR RETO 2.1/2IPSX1000 MCM;UN;0.0
210302;TERM RETO,BURNDY TIP.ND6617TMO;UN;0.0
210303;TERM RETO BURNDY TP.NDR6648TMO;UN;0.0
210304;CONECT.PARAL. LIGA DE COBRE;UN;0.0
210305;TERM CHAV-FACA, BURNDY TIPO NA;UN;0.0
210306;CONECT BURNDY UH,D. PCMP0027/3;UN;0.0
210307;CONECT BURNDY UH D.PCMP-0027/5;UN;0.0
210308;CONECTOR DERIV T TUBO 1 POL;UN;0.0
210309;"TERMINAL CHAVE FACA;CV;4/0 AWG";UN;0.0
210310;BOTAO COMANDO BLINDEX 2B720.11;UN;0.0
210311;BOT COMAND 200/01-11-NA-VM B4;UN;0.0
210312;LAMP.INCAND.13V 5W BAIONETA;UN;0.0
210313;LAMPADA INCANDESCENTE 48V 20MA;UN;0.0
210314;LAMPADA P/CAIXA CONTROLE DISJ;UN;0.0
210315;RELE FECHAMENTO GE 6178848G3;UN;0.0
210316;CHAVE SOLENOID B21-AE7.278-KD1;UN;0.0
210317;CHAVE SOLENOID B21-AF7-264KD1;UN;0.0
210318;ARRUELA P/CHAVE BLINDADA A SF6;UN;0.0
210319;CHAVE SOLENOID B21-AE7-446-KD1;UN;0.0
210320;CHAVE GE TIPO SB-1, 16SB1CF11;UN;0.0
210321;CHAVE WHSE TIPO W-2,505A756GO1;UN;0.0
210322;CHAVE G.E. TIPO SB-1,135A19711;UN;0.0
210323;CHAVE SOLENOID B21,AA7.306-KD;UN;0.0
210324;CHAVE WHSE TIPO W, S,O,-65M164;UN;0.0
210325;CHAVE WHSE TIPO W, 1151529;UN;0.0
210326;RELE P/ANAL.,CINCINNATI AD9070;UN;0.0
210327;RELE AUXILIAR WHSE 289B360A18;UN;0.0
210328;TC BUCHA 600V,1750/5A, COEMSA;UN;0.0
210329;TC BUCHA 15KV,REL 40 A 240/1A;UN;0.0
210330;TC BUCHA 15KV PREC .6/.5B-2;UN;0.0
210331;TC REL 600/5A RM P/TRAFO ASEA;UN;0.0
210332;TC BUCHA P/TRAFO 20MVA LADO AT;UN;0.0
210333;TC BUCHA P/TRAFO 20MVA LADO BT;UN;0.0
210334;TC BUCHA P/TRAFO 20MVA LADO BT;UN;0.0
210335;TC BUCHA P/TRAFO 20MVA LADO BT;UN;0.0
210336;TC BUCHA P/TRAFO 20MVA LADO BT;UN;0.0
210337;TC BUCHA P/TRAFO 30MVA LADO AT;UN;0.0
210338;TCBUCHA 2000/5A 10L800 P/DISJ;UN;0.0
210339;TC BUCHA P/TRAFO 20MVA LADO BT;UN;0.0
210340;TC BUCHA P/TRAFO 40MVA LADO AT;UN;0.0
210341;TC BUCHA P/TRAFO 40MVA LADO BT;UN;0.0
210342;TC BUCHA P/TRAFO 20MVA LADO AT;UN;0.0
210343;TC BUCHA P/TRAFO 20MVA LADO BT;UN;0.0
210344;TC BUCHA P/TRAFO 20MVA LADO BT;UN;0.0
210345;TC BUCHA P/TRAFO 20MVA LADO AT;UN;0.0
210346;TC BUCHA P/TRAFO 20MVA LADO BT;UN;0.0
210347;TC BUCHA P/TRAFO 20MVA LADO BT;UN;0.0
210348;TC 15KV 300/5A .3B-.1 A B-2;UN;0.0
210349;TC AUX IMAGEM TERM TRAFO 20MVA;UN;0.0
210350;TC 120A20/1A 10L100 2B-.5 BSMB;UN;0.0
210351;TC BUCHA 1200/5A RM P/DISJ GE;UN;0.0
210352;IMAGEM TERMICA P/TRAFO POTENC;UN;0.0
210353;TC C/TAPS VAR, PRIM 5A E SEC 1;UN;0.0
210354;BLOCO CONTACTO OKG4 TRAFO ASEA;UN;0.0
210355;PORCELANA BUCHA B.T 34.5F/2000;UN;0.0
210356;PORCELANA BUCHA B.T. 15F/2000A;UN;0.0
210357;VENTILADOR TRAFO 12,5MVA 1FASE;UN;0.0
210358;IMAGEM TERMICA QBG P/TRAF.FORC;UN;0.0
210359;IMAGEM TERMICA QBI,TRAF FORCA;UN;0.0
210360;TC BUCHA AET TRAFO 20MVA AT;UN;0.0
210361;INDICADOR MAGNE OLEO P/TRAFO;UN;0.0
210362;TC BUCHA 600/5A 10L400 TRAF AT;UN;0.0
210363;BUCHA TP COEMSA, 15-110-2250;UN;0.0
210364;TC AUX 49.1X SN-8928500 5-1.7A;UN;0.0
210365;BOMBA OLEO TRAFO FORCA ENGLISH;UN;0.0
210366;VENTILADOR TRAFO ASEA 20MVA;UN;0.0
210367;RELE BUCHHOLZ P/TRAFO 7.5 MVA;UN;0.0
210368;CONTATO MOVEL P/CHAVE UDTLA;UN;0.0
210369;VENTILADOR TRAFO 16MVA BRUSH;UN;0.0
210370;CONTATO MOV COMUT,MR022590-01;UN;0.0
210371;BOMBA DE OLEO P/TRAFO 8333KVA;UN;0.0
210372;MECANISMO ACION MR/MA-2 COMUT;UN;0.0
210373;RELE BUCHHOLZ P/TRAFO 10 MVA;UN;0.0
210374;RELE BUCHHOLZ P/TRAFO DE FORCA;UN;0.0
210375;RELE BUCHHOLZ GE KD-12 P/TRAFO;UN;0.0
210376;CHAVE COMUTACAO MECAN OPERACAO;UN;0.0
210377;CHAVE PROTECAO MOTOR REF582416;UN;0.0
210378;MOTOR PINHAO P/MECANISMO OPERA;UN;0.0
210379;PINO SOQUETE COMUT MR/MA-4;UN;0.0
210380;MOLA LINGUETA MEC MA-4 COMU MR;UN;0.0
210381;MOLA MEC MA-4 COMUT MR;UN;0.0
210382;CONTATO CHAV DIVERS COMUT ASEA;UN;0.0
210383;CONTATO PRINC FIX D. ADET.C-097;UN;0.0
210384;CONTATO PRINC COM.,GE49B88001;UN;0.0
210385;CONTATO MOVEL PRINC.P/CHAV.COM;UN;0.0
210386;RELE COMUT MASCHI REIN UR10000;UN;0.0
210387;RESISTENCIA AQUECIMEN 450 OHMS;UN;0.0
210388;RESISTENCIA AQUECIMEN 130 OHMS;UN;0.0
210389;DISP.AJUSTE IND.TEMP TRAFO,AKM;UN;0.0
210390;RESISTOR GWS 500 OHM/MEC MA-7;UN;0.0
210391;RESISTOR GWS 160 OHM/MEC MA-7;UN;0.0
210392;FLANGE P/CONJUNTO BLINDADO SF6;UN;0.0
210393;ANEL P/CONJ BLINDADO SF6;UN;0.0
210394;ANEL P/VALVULA ENCHIMENTO;UN;0.0
210395;ANEL COMUM AO CONJ BLIND 138KV;UN;0.0
210396;HASTE CONT MOV P/DSJ 150DHP500;UN;0.0
210397;INVOLUCRO T DELLE 918392-001;UN;0.0
210398;INVOLUCRO DELLE 918688-006;UN;0.0
210399;INVOLUCRO DELLE 474264-011;UN;0.0
210400;INVOLUCRO DELLE 474264-007;UN;0.0
210401;INVOLUCRO DELLE 474264-006;UN;0.0
210402;INVOLUCRO DELLE 474264-005;UN;0.0
210403;RELE Y, P/CONTROLE DISJ A AR;UN;0.0
210404;CAMARA EXT.ARCO PRINC. MARINI;UN;0.0
210405;CAMARA EXTINCAO ARCO P/DISJUNT;UN;0.0
210406;MOLA ABERT DSJ 150DHP500,1200A;UN;0.0
210407;MOLA FECHAMENTO DSJ 150-DHP500;UN;0.0
210408;HASTE SUST CONT PRIM/150DHP500;UN;0.0
210409;HASTE ELEV CONT MOV /150DHP500;UN;0.0
210410;BOBINA FEC/AB.DSJ ITE 15HK500;UN;0.0
210411;ENVELOPE P/EST BLIND 138KV;UN;0.0
210412;JUNCAO P/EST BLINDADA 138KV;UN;0.0
210413;JUNCAO P/EST BLIND SF-6, 138KV;UN;0.0
210414;ENVELOPE P/EST BLINDADA 138KV;UN;0.0
210415;JUNCAO P/EST BLINDADA 138KV;UN;0.0
210416;ENVELOPE P/EST BLIND 138KV;UN;0.0
210417;ENVELOPE P/EST BLINDADA 138KV;UN;0.0
210418;JUNCAO P/EST BLINDADA 138 KV;UN;0.0
210419;DISP.CONT.DISJ., HK 61-28296-6;UN;0.0
210420;CAMARA INTER.GE 0214X0286G714;UN;0.0
210421;CONT.PRINC.DSJ MITSUB.10DHE50M;UN;0.0
210422;RELE AUXILIAR WHSE 7327D05H17;UN;0.0
210423;CAMAR EXT.ARCO WHSE 382D764G01;UN;0.0
210424;CHAVE AUX 592B0413-4 DISJ OLEO;UN;0.0
210425;SECCIONADORA MONO P/SUBEST BLI;UN;0.0
210426;CHAVE AUX 592B0413-6 DISJ OLEO;UN;0.0
210427;BOBINA FECH MITSUB.DSJ AR 15KV;UN;0.0
210428;CHAVE AUX.MITSUB.DSJ AR 15KV;UN;0.0
210429;CHAVE DESLIG.MITSU.DSJ AR.15KV;UN;0.0
210430;CONTAC DESL DSJ AR 15KV MITSU;UN;0.0
210431;CONTAC ATERR DSJ AR 15KV MITSU;UN;0.0
210432;CONTAC MOV ARCO P/DSJ 10DHE50M;UN;0.0
210433;EXCENT DISPARO P/DSJ 10-DHE50M;UN;0.0
210434;GATILHO DISPARO P/DSJ 10DHE50M;UN;0.0
210435;HASTE LEVANT CONT MOV/10DHE50M;UN;0.0
210436;HASTE LEVANT UNIP/DSJ 10DHE50M;UN;0.0
210437;AMORTECEDOR DSJ MCGRAW FC-9780;UN;0.0
210438;COMPRESSOR MITSUB.801 DSJ OLEO;UN;0.0
210439;HASTE OPERACAO P/DISJ. A GVO;UN;0.0
210440;"JUNTA;CAIXA COTOV DISJ OLEO GE";UN;0.0
210441;HASTE LEVANT DSJ GE 454A829P2;UN;0.0
210442;BOBINA DSJ MCGRAW CAT M-2425;UN;0.0
210443;BOBINA DSJ MCGRAW CAT FB-9190;UN;0.0
210444;BOBINA DSJ MCGRAW CAT 2427;UN;0.0
210445;NIVEL OLEO CGE 169A1555PT1;UN;0.0
210446;RELE CGE HGA397L569GR2 P/DISJ;UN;0.0
210447;RELE CGE HGA215A9034GR3 P/DISJ;UN;0.0
210448;RELE FECHAMENTO MITSUBISHI 753;UN;0.0
210449;TUBO E PISTAO DSJ AR 15KV CGE;UN;0.0
210450;RELE X WHSE 766A483G01;UN;0.0
210451;RELE X WHSE 764A550G03;UN;0.0
210452;TERMOSTATO WHSE 127A917H01;UN;0.0
210453;ENGATE RETENC. WHSE 702C781H01;UN;0.0
210454;CRUZETA DSJ WHSE 20B5355G05;UN;0.0
210455;MANCAL DSJ OLEO WHSE 1514817;UN;0.0
210456;MOLA ACELERACAO WHSE 1648775;UN;0.0
210457;MOLA AMORTECEDOR WHSE 685075;UN;0.0
210458;CAMARA ARCO DSJ WHSE GM-4A;UN;0.0
210459;RESISTOR P/DISJ C WHSE GM-4A;UN;0.0
210460;TC BUCHA WHSE 388P715G01 P/DSJ;UN;0.0
210461;VALV.SEGUR.WHSE PM5162B2M225;UN;0.0
210462;MOLA MEC OPER WHSE 22D8751H07;UN;0.0
210463;CORTA-ARCO CHIFRE FIXO EASTERN;UN;0.0
210464;BIELA ISOL DELLE 464298-03;UN;0.0
210465;GAXETA SECC SF6 DELLE 2444722;UN;0.0
210466;"ADAP TERM;CH SEC;LIGA COBRE";UN;0.0
210467;CRUZETA P/CHAVE SECCIONADORA;UN;0.0
210468;SUPORTE CHAVE MOTORIZADA 138KV;UN;0.0
210469;BUCHA 15 KV, 1250 A, P/TRAFO.;UN;0.0
210470;BUCHA PARTE PORCELANA 411586;UN;0.0
210471;BUCHA PORC WHSE 317048-A;UN;0.0
210472;BUCHA B/BOVERI DES 84100440035;UN;0.0
210473;BUCHA RTF-36/1000 P/TRAFO FORC;UN;0.0
210474;BUCHA STEATITE DES A16584;UN;0.0
210475;BUCHA CONDENS CWHSE OFP H67174;UN;0.0
210476;BUCHA SANTANA 25F/630 15KV;UN;0.0
210477;BUCHA PORC.CGE TIPO L 1310-1;UN;0.0
210478;ISOLADOR PORC P/BUCHA 15KV;UN;0.0
210479;BUCHA WHSE DES.11B1748GR1 15KV;UN;0.0
210480;BUCHA CONDENSIVA CWHSE H-91881;UN;0.0
210481;BUCHA TERMI WHSE TIP.S 1608466;UN;0.0
210482;BUCHA TERMI 568692, DES 661200;UN;0.0
210483;BUCHA TERMI DES 1512142, 40KV;UN;0.0
210484;BUCHA TERMI DES 1512140, 20KV;UN;0.0
210485;BUCHA TERMI DES 1512141, 20KV;UN;0.0
210486;BUCHA TERMI GE DES CF3155039;UN;0.0
210487;BUCHA TERMI DES. GECF-3317299N;UN;0.0
210488;BUCHA TERMI.GE.DES.3206515N;UN;0.0
210489;BUCHA BT COEMSA P/TRAFO FORCA;UN;0.0
210490;BUCHA TRAS.1200A DSJ SOPRO-MAG;UN;0.0
210491;BUCHA DIANT 2KA DSJ SOPRO-MAG;UN;0.0
210492;BUCHA TRAS.1200A DSJ SOPRO-MAG;UN;0.0
210493;BUCHA DIANT.1200A DSJ SOPR-MAG;UN;0.0
210494;"REATOR LAMP VAPOR MERC;250W";UN;0.0
210495;"TRANSFORMADOR CORRENTE; 15 KV; 15X30-5";UN;0.0
210496;BUCHA PORC 2KA 13.8KV GE;UN;0.0
210497;CONTATO MOVEL PRINC.P/DISJ.SF6;UN;0.0
210498;CONTAC EST ARCO,CGE 123A8559G1;UN;0.0
210499;CONTATO MOVEL ARCO P/DISJ.IGE;UN;0.0
210500;CONTATO FIXO PRINC.P/DISJ.SF6;UN;0.0
210501;BOBINA FEC/AB.DSJ ITE 15HK500;UN;0.0
210502;MOLA REST.SUP DSJ,GE 0137A9252;UN;0.0
210503;MOLA LINGUETA GE EST BL 13,8KV;UN;0.0
210504;MOLA P/DISJ A AR 1200A, 13KV;UN;0.0
210555;CONTATO MOVEL PRINC.DISJ.WHSE-;UN;0.0
210556;MOLA VALV PILOTO HBN-22672-621;UN;0.0
210557;CONTATO MOVEL 600A 40KA 138KV;UN;0.0
210558;TRANSFORMADOR CORRENTE IRME-36;UN;0.0
210559;TUBO FENOLIT.DES SESET-O-0425P;UN;0.0
210560;TUBO FENOLITE 3/16X5/16 POL;UN;0.0
210561;TUBO FENOLITE 53X70X1000 MM;UN;0.0
210562;TB FIBRA 1.3/8 D.E.X1.1/8 D.I.;UN;0.0
210563;CONTADOR DESCARGA ASEA TXA;UN;0.0
210564;CHAVE WHSE TIPO W, NO 1645881;UN;0.0
210565;CHAVE WHSE W-2, NO.508A468GO1;UN;0.0
210566;CHAVE WHSE W-2,NO.505A712GO1;UN;0.0
210567;VACUOMETRO PONTEIRO 0/760MM HG;UN;0.0
210568;CHAVE WHSE TIPO W, 1481698-A;UN;0.0
210571;CHAVE WHSE TIPO W,S.O.WS14320Y;UN;0.0
210585;RESISTOR GWS-220V, 150;UN;0.0
210586;CONTATO MOVEL P/CHAVE COMUTADO;UN;0.0
210587;CONTATO FIXO P/CHAVE COMUTADOR;UN;0.0
210588;CONTATO FIXO P/CHAVE UDTLA;UN;0.0
210589;CONTATO CH.DESV. COMUT,D21000E;UN;0.0
210590;CONTATO FIX COMUT,MR022537-02;UN;0.0
210591;CONTATO ARCO COMUT,GE LRT 65;UN;0.0
210592;CONTATO COMUT, 8380576 P.21;UN;0.0
210594;CONTAC EST ARCO P/DSJ 10DHE50M;UN;0.0
210596;RELE ABERTURA MITSUBISHI 754;UN;0.0
210598;TP BUCHA WHSE PBA-2 DISJ GM-4A;UN;0.0
210601;BUCHA DES.3-TF/7-0140N 15KV;UN;0.0
210603;RELE P/SIST.SCHRACK RL 205 110;UN;0.0
210604;RELE AJUS VOLT WHSE 3152A50H02;UN;0.0
210605;RELE REG TENS MCGRAW B292057;UN;0.0
210606;BUCHA SANTANA 25F/630 15KV;UN;0.0
219492;BUCHA TRAS.1200A DSJ SOPRO-MAG;UN;0.0
220000;LONA FREIO P/PLANO INCLINADO;UN;0.0
220001;MOITAO 3 P/CORDA MANILA 3/8;UN;0.0
220002;TUBO LATAO 3/8 X 5/16 X 1/32;UN;0.0
220003;CHAPA, FINA, ACO,0,45MM,1M,2M;UN;0.0
220004;CHAPA,FINA,ACO, 1500MM,1.20M2M;UN;0.0
220005;"CHAPA FINA;LAM QUENTE;4,76MM";UN;0.0
220006;"CHAPA GROSSA;LISA;ACO;1/2POL";UN;0.0
220007;"CHAPA FINA;LAM FRIO;ZINC;NR.24";UN;0.0
220008;"CHAPA FINA;LAM FRIO;ZINC;NR.19";UN;0.0
220009;PERFIL U ACO 0,220X2,1/4X8 POL;UN;0.0
220010;TUBO AL D50S-T6, 1,1/2POL TPS;UN;0.0
220011;TUBO LATAO 7/16 DE X 1/8 POL;UN;0.0
220012;TUBO LATAO S/COSTURA 4 DIA;UN;0.0
220013;TUBO COBRE S/COST 1IN;UN;0.0
220014;TUBO ACO DOCE GALV 1/2 DIN2440;UN;0.0
220015;TUBO ACO GALV 1IN S/COSTURA;UN;0.0
220016;TUBO ACO DOCE GALV 1.1/4POL;UN;0.0
220017;"TUBO PVC RIGIDO;1.1/2POL;ROSC";UN;0.0
220018;"TUBO PVC RIG; 3/4POL ROSC";UN;0.0
220019;"TUBO PVC RIGIDO;2POL;ROSCAVEL";UN;0.0
220020;"TUBO ACO;DIN 2440;C/C;DN 2 POL";UN;0.0
220021;TUBO ACO INOXID. 13,72MM D.E.;UN;0.0
220022;LUVA FE MALE GALV,2POL,R. AMER;UN;0.0
220023;LUVA FE MALE GALV, 6POL,R.AMER;UN;0.0
220024;VALV GLOBO LATAO 1.1/2, 125LBS;UN;0.0
220025;VALVULA LAT ALIVIO 1,1/2POL;UN;0.0
220026;VALVULA GAVETA 300 PSI 1/4 IN;UN;0.0
220027;VALV GLOBO ACO 3/8IN, 600PSI;UN;0.0
220028;VALVULA GAVETA 300 PSI 1/2 IN;UN;0.0
220029;VALVULA P/INDICADOR NIVEL OLEO;UN;0.0
220030;VALVULA SEGURANCA BRONZE 2POL;UN;0.0
220031;VALV ANGULO LATAO 3/8, 150LBS;UN;0.0
220032;VALV GAVETA CUNHA FE,2, 125LBS;UN;0.0
220033;VALVULA LAT ALIVIO 1POL;UN;0.0
220034;VALVULA GAVETA 250 PSI 6IN DIA;UN;0.0
220035;VALVULA GAVETA 125 PSI 3IN DIA;UN;0.0
220036;VALV GLOBO 1.1/2IN, 150PSI;UN;0.0
220037;VALVULA GAVET 600 PSI 1.1/2 IN;UN;0.0
220038;VALV AGULHA P/REGULADOR UNID C;UN;0.0
220039;VALVULA GAVET 125 PSI 1/2IN DI;UN;0.0
220040;VALVULA GAVETA 125 PSI 1.1/2IN;UN;0.0
220041;VALVULA GAVET 125 PSI 1.1/4 IN;UN;0.0
220042;VALVULA GAVETA 125 PSI 2 IN;UN;0.0
220043;VALVULA GAVETA LATAO 1 IN;UN;0.0
220044;VALV RETENCAO BZ 1IN R NPT/BSP;UN;0.0
220045;VALVULA GAVETA 250 PSI 2IN DIA;UN;0.0
220046;VALV LATAO 2POL;UN;0.0
220047;VALV ANGULAR 125 PSI 2.1/2 IN;UN;0.0
220048;VALV ANGULAR 300 PSI 3/8IN DIA;UN;0.0
220049;VALVULA GAVET 6 IN BAIXA PRESS;UN;0.0
220050;VALVULA GAVETA 300 PSI 3IN DIA;UN;0.0
220051;VALVULA GAVETA 125 PSI 2IN DIA;UN;0.0
220052;VALV GAVETA, FE, 2.1/2, 125WSP;UN;0.0
220053;VALV PURGA CORPO FE 4POL;UN;0.0
220054;VALV ANGULAR 125 PSI 4 IN DIA;UN;0.0
220055;VALVULA RETENCAO FE 8POL;UN;0.0
220056;VALVULA GAVETA 300 PSI 16IN;UN;0.0
220057;VALVULA GAVETA BRONZE 2-125LB5;UN;0.0
220058;VALVULA GAVET 600 PSI 1/2 IN;UN;0.0
220059;VALVULA GAVET ACO 600 PSI 1 IN;UN;0.0
220060;VALVULA GAVET 150 PSI 1.1/2 IN;UN;0.0
220061;VALVULA GAVETA 150 PSI 2IN DIA;UN;0.0
220062;VALVULA RETENCAO LAT 1/4POL;UN;0.0
220063;VALVULA RETENCAO LAT 3/8POL HO;UN;0.0
220064;VALVULA RETENCAO LAT 3/8POL OS;UN;0.0
220065;ANEL METAL DURO P/VALV 2POL;UN;0.0
220066;"PARAFUSO CAB. SEXT.;1/2 X 1IN";UN;0.0
220067;"PARAFUSO CAB SEXT;1/2X3.1/2POL";UN;0.0
220068;"PARAFUSO SEX;AÇO ZINC;1/2X1 1/2X8 1/2PO";UN;0.0
220069;PORCA SEX ACO CARB 5/16-18FIOS;UN;0.0
220070;PORCA SEX ACO GALV 5/8-11FIOS;UN;0.0
220071;PORCA SEGURANCA PARAF 1/2-13F;UN;0.0
220072;"PARAFUSO;CAB.RED;AÇO;N8;1.3/4;P/MADEI";UN;0.0
220073;TARUGO SOL BRONZE 3POLX500MM;UN;0.0
220074;ROLAM ESFER REF SKF E8 E OUTRO;UN;0.0
220075;ROLAMENTO ESFERAS 17X47X14MM;UN;0.0
220076;ROLAMENTO ESFERAS 17X40X12MM;UN;0.0
220077;ROLAM ESFER 30 X 72 X 19MM;UN;0.0
220078;ROLAMENTO ESFERAS 35X80X21MM;UN;0.0
220079;ROLAM ESFER 40 X 90 X 23MM;UN;0.0
220080;GAXETA ASBESTO 1/16POL ESPES;UN;0.0
220081;GAXETA QUAD 1/4POL QUALIDADE A;UN;0.0
220082;GAXETA QUADRADA 5/8POL LINHO;UN;0.0
220083;"GAXETA;ENSEBADA;QUAD;7/8POL";UN;0.0
220084;GAXETA QUADRADA 1POL GRAF;UN;0.0
220085;"PLASTICO;TERREIRO;ROLO C/100M";UN;0.0
220086;CORDA MANILHA DIA. 3/8POL;UN;0.0
220087;"CORDA MANILHA;TORCIDA;1 1/2POL";UN;0.0
220088;BORRACHA LENCOL, 1/4POL X 95CM;UN;0.0
220089;OLEO P/TURB.HIDRAUL.ISO VG 32;UN;0.0
220090;OLEO P/TURB.HIDRAUL.ISO VG 68;UN;0.0
220091;OLEO HIDRAULICO ISO VG 150;UN;0.0
220092;OLEO SIST.HIDRAULICO ISO VG100;UN;0.0
220093;"ÓLEO LUBRIFICANTE INDUSTRIAL;GRAU ISO 6";UN;0.0
220094;LIQUIDO ANTI-FERRUGINOSO;UN;0.0
220095;SOLVENTE SEG.EQTO.ELETRICO;UN;0.0
220096;TAMBOR ACO USADO BOM EST VAZIO;UN;0.0
220097;"BANDEIRA;SIN;TREV.REFL;2;VERM";UN;0.0
220098;BUCHA CONDENS.46KV 800A TRAFO;UN;0.0
240000;RELE PILOTO,WHSE HCB EST805316;UN;0.0
240001;RELE SOBREC,IAC,GE 12IAC55B14A;UN;0.0
240002;RELE DIREC, CGE CEY 12CEY51A3D;UN;0.0
240003;RELE TEMPO TD-5EST.293B301A13A;UN;0.0
240004;RELE SOBRECOR,WHSE CR8 1875579;UN;0.0
240005;RELE SOBREC GE 12IAC53B803A;UN;0.0
240006;RELE SOBRECOR., GE 12IAC55B17A;UN;0.0
240007;RELE SOBREC,GE MOD.12PJC31D56A;UN;0.0
240008;RELE SOBREC CO8 WHSE292B606A31;UN;0.0
240009;RELE SOBREC WHSE EST644B600A56;UN;0.0
240010;RELE SOBREC WHSE SC EST1962608;UN;0.0
240011;RELE IMP GE CFZ MOD 12CFZ11E1A;UN;0.0
240012;RELE SOB/SUBT CV6 WHSE 1875522;UN;0.0
240013;RELE SOBREC,SC,WHSE EST1962471;UN;0.0
240014;RELE SOBREC GE HNC 1F 0,5-4,0A;UN;0.0
240015;RELE SOBREC CO-2, WHSE 1875221;UN;0.0
240017;RELE SUBFREQ GE 12SFF22A1A;UN;0.0
240019;RELE SOBREC,CO-8, WHSE 1956950;UN;0.0
240020;RELE SOBREC, GE IAC 12IAC53A2A;UN;0.0
240021;RELE AUXILIAR GE 12HEA61C246;UN;0.0
240022;RELE AUXILIAR CGE 12HGA17H;UN;0.0
240023;RELE SOBRET,CV5,WHSE 1875512;UN;0.0
240024;RELE AUXILIAR GE 12HFA54E187H;UN;0.0
240025;RELE AUXILIAR WHSE 1342929;UN;0.0
240026;RELE DIREC,GE JBCG 12JBCG51K6A;UN;0.0
240027;RELE P/PAINEL GE 12SAM11A22ATF;UN;0.0
240028;RELE TEMPO GE SAM 12SAM98C32A;UN;0.0
240029;RELE DIREC, GE MOD 12CEY51A11D;UN;0.0
240030;CARTA GRAFICA VOLTMET YOKOGAWA;UN;0.0
240031;RELE SOBREC C08 WHSE 1961557-A;UN;0.0
240032;RELE SOBREC,CO8,WHSE 1956505-A;UN;0.0
240033;RELE TEMPORIZ 125 VCC RXKB-1;UN;0.0
240034;RELE SOBREC,PJC, GE 12PJC11A3;UN;0.0
240035;RELE SOBREC,SC,WHSE EST1876053;UN;0.0
240036;RELE DE SUBTENSAO P/PAINEL;UN;0.0
240037;RELE SOBRETENSAO P/PAINEL;UN;0.0
240038;RELE AUXILIAR GE 12HGA11A69;UN;0.0
240039;RELE SOBRECORRENTE P/PAINEL;UN;0.0
240040;RELE DETETOR DEFEITO P/PAINEL;UN;0.0
240041;RELE SOBRECORREN WHSE 1876053;UN;0.0
240042;RELE SOBRECORREN WHSE 1876046;UN;0.0
240043;RELE SOBRECORREN WHSE 1962497;UN;0.0
240044;RELE DIRECIONAL GE 12CFPC13B7A;UN;0.0
240045;RELE INST 10A,GE MOD. PJC11M1A;UN;0.0
240046;RELE SOBREC,GE MOD.N12PBC11G;UN;0.0
240047;RELE SOBRECO,WHSE CO8 1956405A;UN;0.0
240048;RELE ANUNCIADOR 1A PAINEL ACO;UN;0.0
240049;RELE SOBRETENSAO,GE 12IAV51A1A;UN;0.0
240050;RELE SOBREC,CGE MOD 12PJC14C3A;UN;0.0
240051;RELE AUXILIAR CGE 12HGA11J66;UN;0.0
240052;RELE SOBREC C02,WHSE644B600A61;UN;0.0
240053;RELE SOBREC WHSE EST264C900A03;UN;0.0
240054;RELE SOBREC WHSE SC EST1956120;UN;0.0
240055;RELE SOBREC,CO2, WHSE. 1875232;UN;0.0
240056;RELE SOBC,CRP8,WHSE 644B600A59;UN;0.0
240057;RELE AUXILIAR WHSE 1963480;UN;0.0
240058;RELE SOBRECORR. EST.288B718A31;UN;0.0
240059;RELE SOBRECORRENT EST.1956641A;UN;0.0
240060;RELE CARRIER GE 12BCA11AV1A;UN;0.0
240061;RELE CARRIER GE 12BCA11V2A;UN;0.0
240062;RELE TEMPOR GE 12HGA17H63FG;UN;0.0
240063;RELE SOBREC,CO-8, WHSE 1875273;UN;0.0
240064;RELE SOBRET,CV-5,WHSE 1875512A;UN;0.0
240065;RELE SOBREC,CO-8, WHSE 1875276;UN;0.0
240066;RELE AUXILIAR GE 12HGA35A2;UN;0.0
240067;RELE RELIGADOR WHSE 1731439;UN;0.0
240068;RELE SOBREC C08 WHSE 1875266-A;UN;0.0
240069;RELE AUXILIAR CGE 12HGA11J52TF;UN;0.0
240070;RELE GE 12HEA61A P/PAINEL ACO;UN;0.0
240071;RELE ANUNCIADOR P/12 CIRCUITOS;UN;0.0
240072;RELE SOBREC,C08, WHSE. 1256525;UN;0.0
240073;RELE SOBREC,IAC,GE 12IAC53B47A;UN;0.0
240074;RELE WHSE WL, 422D949G12;UN;0.0
240075;RELE SOBREC WHSE EST691B666A50;UN;0.0
240076;RELE WHSE 1962364 P/PAINEL;UN;0.0
240077;RELE SOBREC,CO2, WHSE. 1962548;UN;0.0
240078;RELE SOBREC,GE PJC 12PJC11AV3A;UN;0.0
240079;RELE AUXILIAR WHSE 1878756;UN;0.0
240080;RELE SOBREC WHSE CO8 1962875-A;UN;0.0
240081;RELE AUXILIAR GE 12HGA17H52;UN;0.0
240082;RELE PILOT MCB,WHSE 292B930A10;UN;0.0
240083;RELE SOB/SUBT CV6 WHSE 1875522;UN;0.0
240084;RELE PILOT,PM23,WHSE290B114A25;UN;0.0
240085;RELE AUXILIAR WHSE 293B237A21;UN;0.0
240086;RELE TRIFASICO 5 AMPS GE CAG34;UN;0.0
240087;RELE GE 12HGA17D526 P/PAINEL;UN;0.0
240088;RELE SOBRECOR,SC,WHSE 1878397;UN;0.0
240089;RELE SOBREC,CGE MOD.12IAC53A3A;UN;0.0
240090;RELE SOBREC,CGE MOD.12IAC53B4A;UN;0.0
240091;RELE SOBREC,CGE MOD12IAC55B10A;UN;0.0
240092;RELE SOBREC,CGE MOD12PJC32D56A;UN;0.0
240093;RELE AUXILIAR GE 12HGA17H52F;UN;0.0
240094;RELE FASE/TERRA,GE 12PVD11C11A;UN;0.0
240095;RELE AUXILIAR WHSE 1342925;UN;0.0
240096;RELE SOBR.TIP.CGE.12PJC11AV2A;UN;0.0
240097;RELE DIREC.,GE EST 12CFPG16A7A;UN;0.0
240098;RELE SOBREC WHSE SC EST1878400;UN;0.0
240099;RELE OBREC,MITSUB. CO21 PD005;UN;0.0
240100;RELE SOBREC, GE IAC 12IAC53ATT;UN;0.0
240101;RELE SOBREC,C08,WHSE264C900A01;UN;0.0
240102;RELE SOBRECOR INEPAR IMID;UN;0.0
240103;RELE AUXILIAR CGE 12HGA11A67GF;UN;0.0
240104;RELE AUXILIAR CGE 12NGA15A24F;UN;0.0
240105;RELE DIST,KD10,WHSE 719B195A11;UN;0.0
240106;RELE SOBRECOR CGE 12CLPG12C17A;UN;0.0
240107;RELE AUXILIAR GE 12HEA61B238X2;UN;0.0
240108;RELE RELIGAM GE 12NLR21U1A;UN;0.0
240109;RELE AUXILIAR CGE 12HGA17G52G;UN;0.0
240110;RELE IMPED 115V 5A 60 C C/R AU;UN;0.0
240111;RELE TEMPOR GE SAM 125AM98C32A;UN;0.0
240112;RELE DIREC,GE CFPG 12CFPG16A1A;UN;0.0
240113;RELE P/PAINEL CGE 12SAM11B21A;UN;0.0
240114;RELE AUXILIAR GE 12HEA61A226X2;UN;0.0
240115;RELE SOBRET, GE IAV 12IAV51D1A;UN;0.0
240116;RELE DIREC, GE MOD. 12CEB52A4D;UN;0.0
240117;RELE SOBRET,GE TIPO 121AV51D2A;UN;0.0
240118;RELE CARR GE 12BCA215A9012G2;UN;0.0
240119;RELE DIREC GE JBCG 12JBCG51M2A;UN;0.0
240120;RELE BLOQUE, GE MOD.12CEB51A1A;UN;0.0
240121;RELE SOBREC,CO2,WHSE775B443A35;UN;0.0
240122;CHAVE RELE WHSE WL, 300P760G01;UN;0.0
240123;RELE AUX DISPAR GE 12HSA11C329;UN;0.0
240124;RELE SOBR 5.4-20V 60HZ 0,2-2.0;UN;0.0
240125;RELE DIFER, GE MOD. 12PVD21D1A;UN;0.0
240126;RELE TEMPORIZ GE 12SAM17G11A;UN;0.0
240127;RELE CARRIER GE 12NAA22L12;UN;0.0
240128;RELE SOBREC,SC,WHSE EST1878394;UN;0.0
240129;RELE SOBRECORRENTE, WESE HCB-1;UN;0.0
240130;RELE AUXILIAR WHSE TIPO PM-2;UN;0.0
240131;MILIAMP WHSE RC351,291B318A09;UN;0.0
240132;RELE AUXILIAR GE 12HEA61A222;UN;0.0
240133;RELE AUXILIAR WHSE 288B977A19;UN;0.0
240134;RELE AUXILIAR GE 12HGA11A66F;UN;0.0
240135;RELE SOBREC C02 WHSE 1962762-A;UN;0.0
240136;RELE SOBREC WHSE EST265C195A11;UN;0.0
240137;RELE SOBREC,CO8, WHSE. 1963120;UN;0.0
240138;RELE SOBREC,CO8,WHSE 1956526-A;UN;0.0
240139;RELE SOBRE/SUBT, WHSE. 1878738;UN;0.0
240140;RELE SOBRET, WHSE SV1 1096966;UN;0.0
240141;RELE AUXILIAR GE 12HGA11A;UN;0.0
240142;RELE SOBRET WHSE SV EST.26F453;UN;0.0
240143;RELE DIREC,GE MODELO 12JBCG51M;UN;0.0
240144;RELE AUXILIAR WHSE 22Y5291R500;UN;0.0
240145;RELE SOBREC,CO8,WHSE 1956405-A;UN;0.0
240146;RELE SOBREC,CO8,WHSE288B717A10;UN;0.0
240147;RELE DIFERENCIAL INEPAR DF2I;UN;0.0
240148;RELE SOBREC,IAC,GE MOD12IAC53B;UN;0.0
240149;RELE AUXILIAR GE 12HGA11A52G;UN;0.0
240150;RELE SOBREC,CO8,WHSE 1878943-A;UN;0.0
240151;RELE SOBRECORRENTE P/PAINEL;UN;0.0
240152;RELE SOBRECORRENTE 0,5-2,5A;UN;0.0
240153;RELE SOBRECORRENTE 0,5-2,5A;UN;0.0
240154;RELE AUXILIAR GE 12HGA11A69G;UN;0.0
240155;RELE SOBRECORRENTE P/ PAINEL;UN;0.0
240156;RELE SOBRECORRENTE 0,5-2A;UN;0.0
240157;RELE SOBRECORRENTE 0.5 - 2 A;UN;0.0
240158;RELE AUXILIAR GE 12HGA11A52;UN;0.0
240159;RELE AUXILIAR GE 12HGA11J66G;UN;0.0
240160;RELE RELIGAM WHSE S.O.37F606;UN;0.0
240161;RELE SOBRECORRENTE P/PAINEL;UN;0.0
240162;RELE AUXILIAR GE 12HGA17H52G;UN;0.0
240163;RELE AUXILIAR GE 12HEA61B;UN;0.0
240164;RELE DIRECAO CORRENTE P/PAINEL;UN;0.0
240165;RELE AUXILIAR WHSE 1343010;UN;0.0
240166;RELE SOBRECOR GE 12IAC55B14ATF;UN;0.0
240167;RELE CORRENTE GE 12PJC21A1ATF;UN;0.0
240168;RELE SOBRECORREN WHSE 1094830;UN;0.0
240169;RELE AUXILIAR WHSE 1162952;UN;0.0
240170;CARTA GRAF PAP ROLO 152MM LARG;UN;0.0
240171;CARTA GRAF PAP ROLO TARJA IND;UN;0.0
240172;CHAVE WHSE TIPO WL, 422D949G14;UN;0.0
240173;CARTA GRAF PAP ROL WHSE1093217;UN;0.0
240174;CARTA GRAF PAP ROL 6POLX90PES;UN;0.0
240175;VOLTIM WHSE UA251,N 291B496A21;UN;0.0
240176;AMPERIM CA DEM TERM SANGAMO AD;UN;0.0
240177;AMPERIM ESC BRANCO WHSE VA-251;UN;0.0
240178;AMPER CA 50HZ ESC 0-600A UA-25;UN;0.0
240179;AMPERIM INDICAD P/PAIN WHSE HA;UN;0.0
240180;VOLTIM/TEST.BIDDLE25,ENGRO 355;UN;0.0
240181;AMPERIM CA ESC 0-750A WHSE HA;UN;0.0
240182;AMPERIM PAIN ARDOS WHSE UA-251;UN;0.0
240183;AMPER IND PAIN AC 60HZ HARTMAN;UN;0.0
240184;VOLTIM GE AB-18 MODELO 13144YU;UN;0.0
240185;AMPERIM C/SHUNT,NIFE BM86X72HB;UN;0.0
240186;AMPERIM P/PAIN.CA WHSE HA;UN;0.0
240187;AMPER C 50HZ 0-300 WHSE UA-25;UN;0.0
240189;PENA(CJ) P/REG,GE GEF4115A N15;UN;0.0
240192;CARTA GRAF PAP ROLO 6POL(LARG);UN;0.0
240193;CARTA GRAF PAP ROL 9/2POL(LARG;UN;0.0
240196;AMPER QDO DIST 0-300A WHSE HA;UN;0.0
240197;BLOCO TESTE INSTRUMENTO PAINEL;UN;0.0
240198;"BLOCO TESTE;4 POLOS;P/INSTRUMENTO PAINE";UN;0.0
240199;CARTA GRAF PAP ROLO 87/8(LARG);UN;0.0
311946;ESCOV/MOL.P/OSC,TH.-CSF303.214;UN;0.0
333001;"VOLT/AMPERÍMETRO ALICATE;PORTÁTIL;DIG.";UN;0.0
361547;"LÂMPADA INCANDESCENTE;60W;130V";UN;0.0
391086;"LEITORA PROGRAMADORA;MEDIDORES DE BT";UN;0.0
401222;"JUNTA VEDAÇÃO;P/BARRAS BLD. C;D.ALSTHOM";UN;0.0
402783;CHAVE DIVERS COMUTADOR MR DI400;UN;0.0
402989;CAPACITOR WHSE 262B524H0B;UN;0.0
403040;CONJUNTO CONT F/M SPIG TIPO SR 300 138K;UN;0.0
403923;TRANSFORMADOR CORR DISJ WESTINGHOUSE 12;UN;0.0
404002;CONTATO MOVEL DISJ LIGHT C0141;UN;0.0
404007;MOLA CONT DISJ MITSUBISHI HBN22668357;UN;0.0
406069;EIXO EXCENT.M/D4-260017, B513/;UN;0.0
409041;RELE AUX;UN;0.0
409042;RELE CORRENTE SOBRECORRENTE;UN;0.0
409043;RELE CORRENTE SOBRECORRENTE;UN;0.0
409044;RELE CORRENTE SOBRECORRENTE;UN;0.0
411297;DERIVACAO DISJ.A AR 250VCC;UN;0.0
413172;TIRISTOR SKT/24-06 P/ RETIFICADOR;UN;0.0
413174;TIRISTOR SKT SEMIKRON SKT40/04C;UN;0.0
413391;HASTE SUSTENT DISJ MARINI DAMINELLI CAT;UN;0.0
600010;GAS IND O2;UN;0.0
600011;"NITROGENIO;COMERCIAL;PUREZA MINIMA 99,9%";UN;0.0
600012;GAS IND H2;UN;0.0
600013;GAS AR SINT SECO AR SINTETICO;UN;0.0
600014;"HEXAFLUORETO DE ENXOFRE;PUREZA MIN.99,9%";UN;0.0
600015;"NITROGENIO;ALTA PUREZA 99,997%";UN;0.0
600016;GAS COMERC AR;UN;0.0
600017;GAS IND AR;UN;0.0
600018;GAS COMERC C2H2;UN;0.0
600019;LOCACAO CILINDRO GAS COMUM;UN;0.0
600020;LOCACAO CILINDRO GAS ESPECIAL;UN;0.0
600021;"IMPRESSORA JATO TINTA; 720X720";UN;0.0
600022;LOCACAO CILINDRO GAS COMUM;UN;0.0
600023;LOCACAO CILINDRO GAS ESPECIAL;UN;0.0
600024;FERRAMENTA TESTE CORTE CABO 20-90MM;UN;0.0
600025;ALICATE AUTENT MARCACAO DAS FACES LISAS;UN;0.0
600026;"SELO SEG.;POLIC.;LARANJA;""L"";VER 399140";UN;0.0
600027;"SELO SEG.;POLIC.;LARANJA;""O"";VER 399141";UN;0.0
600028;"SELO SEGURANÇA;LARANJA;LETRA N";UN;0.0
600029;"SELO SEG.A;POLIC.;LARANJA;""E"";VER 399142";UN;0.0
600030;"SELO SEG.;POLIC.O;LARANJA;""I"";VER 399143";UN;0.0
600031;SELO SEG EQUIP MED P/FATUR LJ;UN;0.0
600032;"CORDA FIBRA SINT 1/2"" 1900DAN";UN;0.0
600087;"TERMOVISOR INFRAVERM CAM PORT;VER 603986";UN;0.0
602419;CHAVE PARA MANOBRAS P/A BCAP - TURN KEY;UN;0.0
606110;"TRANSFORMADOR POTÊNCIA; 8,33 MVA";UN;0.0
606111;"TRANSFORMADOR POTÊNCIA; 20 MVA";UN;0.0
606112;GERADOR 80KVA 220V;UN;0.0
606113;"BATERIA ESTACIONÁRIA; 400 AH; 125 V";UN;0.0
606114;"BATERIA ESTACIONÁRIA; 400 AH; 250 V";UN;0.0
606176;VEICULO UTILIT PICK UP GM;UN;0.0
606177;VEICULO UTILIT JEEP TOYOTA 4X4 2P BAND;UN;0.0
606181;VEICULO UTILIT MONTANA GM 1.8 2P ABERTA;UN;0.0
606184;VEICULO UTILIT SPRINTER 4P 95CV;UN;0.0
606187;VEICULO UTILIT PICK UP FORD 2P FECHADA;UN;0.0
606192;VEICULO UTILIT CAMINHAO FORD 131CV;UN;0.0
610052;Venda de Bem do Ativo Fixo;UN;0.0
610053;Venda Bem Ativo Fixo Red. Base ICMS 95%;UN;0.0
610060;NF Complementar de ICMS detalhes abaixo;UN;0.0
610061;ICMS SUPLEMENTAR;UN;0.0
610062;NF ESTORNO DE DEBITO - CONV. ICMS 30/04;UN;0.0
610063;NF DE ESTORNO DE DÉBITO ICMS-ST MG.;UN;0.0
610064;RELATORIO DE APURAÇÃO Nº LC002.;UN;0.0
800658;"TRAFO POTENCIAL; ASEA; EMFC-145; 138 KV";UN;0.0
800661;"TRAFO CORRENTE; G.E. TCK-65; 138 KV";UN;0.0
802071;"TRAFO CORRENTE; HITACHI; 1200/5A; 138 kV";UN;0.0
810684;"SECCIONADOR;145kV;1250A;40kA;DUPL.ABERT.";UN;0.0
810787;CAIXA MEDIDOR POLIFÁSICO;UN;0.0
810930;MOLA EXTRATORA P/BANCO CAPACITORES;UN;0.0
810931;MOLA EXTRATORA P/BANCO CAPACITORES;UN;0.0
810932;"CARTUCHO PORTA FUSÍVEL; 100A";UN;0.0
810961;MEDIDOR UNIVERSAL DE GRANDEZAS;UN;0.0
813040;"RELÉ AUXILIAR RAPIDO;4MS;250VCC";UN;0.0
913657;"ALICATE COMPRESSAO HIDRAULICA;12000DAN";UN;0.0
919519;"ALGARISMO ""0"" A ""9"" MARCAR FE";UN;0.0
977248;COPO PLASTICO 50 OU 60 CM3;UN;0.0
999806;ZINCO BORRA SUCATA;UN;0.0
999824;SUCATA DE COLMEIA DE RADIADOR;UN;0.0
999836;SUCATA DE CAVACO DE USINAGEM;UN;0.0
999845;SUCATA ALUMÍNIO;UN;0.0
999876;PAPEL BRANCO PRIMEIRA RECICLAG;UN;0.0
999900;ZINCO CINZA SUCATA;UN;0.0
999901;RESIDUO OLEO MINERAL ISOLANTE;UN;0.0
999931;FERRO FUNDIDO SUCATA;UN;0.0
999946;SUCATA VIDRO;UN;0.0
999957;SUCATA MEDIDOR ENERGIA ELÉTRICA ALUMÍNIO;UN;0.0
100259;CADEADO CR-20 P/ CAIXA CLIENTE;UN;0.0
100260;CAIXA P/ CHAVE DE SUBESTAÇÃO;UN;0.0
100285;INSERTO CARBONETO TUNGSTÊNIO;UN;0.0
100308;INSERTO CARBONETO TUNGSTÊNIO;UN;0.0
100312;INSERTO CARBONETO TUNGSTÊNIO;UN;0.0
100319;INSERTO CARBONETO TUNGSTÊNIO;UN;0.0
100356;FURGÃO-ICMS 12%, CONVÊNIO 129/97;UN;0.0
100361;ALTERAÇÃO ICMS DE 12% PARA 7%;UN;0.0
334241;"LUVA CABO ISOLADO; CHUMBO; 381 MM";UN;0.0
357797;"CONECTOR DERIVAÇÃO LINHA VIVA;COBRE;18M";UN;0.0
380842;"ISOLADOR DISCO;PORCELANA;D45-1";UN;0.0
401751;RELE REGULADOR 100/110/115/120 VCA;UN;0.0
402800;ADAPTADOR INF.CAMARA EXT.DISJ.IGE FKA;UN;0.0
402919;"AQUECEDOR TIRAS;250 W; 130 V;P/BLINDADA";UN;0.0
402927;"TRANSFORMADOR CORRENTE;0,6kV;2500-5-5A";UN;0.0
402929;TRANSFORMADOR CORREN JANELA 600/ 5A;UN;0.0
402932;"TRANSFORMADOR CORRENTE;0,6KV;600(RM)-5A";UN;0.0
402933;TRANSFORMADOR CORREN JANELA 3000/ 5A/5A;UN;0.0
402935;"TRANSFORMADOR CORRENTE;0,6KV;2500(RM)-5";UN;0.0
402938;"TRANSFORMADOR CORRENTE;15kV;2000-5A;EPÓX";UN;0.0
402939;"TRANSFORMADOR CORRENTE;15KV;600-5A;EPÓX";UN;0.0
402940;"TRANSFORMADOR CORRENTE;0,6kV;2000-5A;EPÓ";UN;0.0
402941;"TRANSFORMADOR CORRENTE;0,6kV;600-5A;EPÓX";UN;0.0
402942;"TRANSFORMADOR CORRENTE;0,6kV;75-5A;EPÓXI";UN;0.0
402943;"TRANSFORMADOR CORRENTE;0,6KV;600/300-5A";UN;0.0
402947;"TRANSFORMADOR CORRENTE;0,6KV;2000(RM)-5";UN;0.0
402948;"TRANSFORMADOR CORRENTE;0,6KV;600/300-5A";UN;0.0
402961;"TRANSFORMADOR CORRENTE;0,6kV;600/400/...";UN;0.0
402964;"TRANSFORMADOR CORRENTE;0,6kV;600/300-5A";UN;0.0
402969;ANEL MECAN.AA-7 WHSE 1644482;UN;0.0
402972;"BATENTE SALTO;WHSE 23D2879G01;AA-7";UN;0.0
402984;CAMARA INTER DISJ WESTINGHOUSE 424D549G;UN;0.0
402988;CAPACITOR WHSE 272B524H11;UN;0.0
402996;"CHAVE DESLIG. FACA; MITSUBIS 757";UN;0.0
402997;"CHAVE DESLIG. DISJ.; MITSUBIS. 758";UN;0.0
402999;"MOLA ABERT. LADO ESQ.; P/DSJ. WHSE";UN;0.0
403003;"MOLA P/ENGATE RETEN.;TIPO AL;DISJ.MITSU";UN;0.0
403004;"MOLA ENGATE DISJ.; WSHE 1644422";UN;0.0
403005;"MOLA FERROLHO; DISJ. ÓLEO; 120-GTR-1000";UN;0.0
403006;"MOLA FERROLHO ; DISJ.A ÓLEO 120-GTR-1000";UN;0.0
403007;"MOLA GATILHO;DISJ.A ÓLEO;120GTR1000";UN;0.0
403008;"MOLA GATILHO; DISJ.; DES.HBN-22672-420";UN;0.0
403009;"MOLA GATILHO;DISJ.GE;CAT.0193A4940P001";UN;0.0
403010;"MOLA GATILHO; DISJ.GE; CAT.0193A4941P001";UN;0.0
403011;"MOLA TRAVAMENTO;DES.HBN-22672-117";UN;0.0
403012;"MOLA TRAVAMENTO;DES HBN-22672-11;TIPO A";UN;0.0
403013;"MOLA VALV.PILOTO;DES.HBN-2672-610";UN;0.0
403015;"PINO ALAVANCA;P/DISJ.;DES HBN-22672-142";UN;0.0
403016;"PINO ALAVANCA;P/DISJ.;DES HBN-22672161";UN;0.0
403017;"PINO APOIO;P/DISJ.;DES HBN-22672-155";UN;0.0
403018;"PINO BATENTE;P/DISJ.; DES HBN-22672-412";UN;0.0
403019;"PINO;HASTE P/ DISJ.; DES HBN-22672164";UN;0.0
403021;"PINO INTERMEDIÁRIO; DES HBN-22672159";UN;0.0
403022;"PINO PRESILHA;P/DISJ.;DES. HBN-22672153";UN;0.0
403023;"PINO PRESILHA;P/DISJ.; DES.HBN-22672168";UN;0.0
403042;SOLENOIDE 125VCC SECCION SPIG 1250A TIP;UN;0.0
403053;"GAXETA P/TANQUE;DISJ.CGE;DES.0188A9728";UN;0.0
403072;LÂMINA CONT.DISJ.GE 8585169P36;UN;0.0
403081;"GAXETA P/ VALV.; WHSE 1589225";UN;0.0
403088;ISOLADOR CONICO DELLE ALSTHOM 915543002;UN;0.0
403092;CONJUNTO BARREIRAS ISOL. DISJ. 150DHP500;UN;0.0
403093;CONECTOR COMAN SECCIONADOR AT CONEXEL S;UN;0.0
403094;CONECTOR CONT AUX SECCIONADOR AT CONEXE;UN;0.0
403098;MICRORRUPTOR SECCIONADOR AT MAR GIRIUS;UN;0.0
403099;"MICRORRUPTOR P/SECCION.;145kV;XES P2151";UN;0.0
403100;TERMOSTATO 20-120GRC SPIG SR300;UN;0.0
403102;FLANGE BAR BBC TIPO EBK 145 KV;UN;0.0
403125;DISPOSITIVO P/CONEXÃO BUCHAS DIANT.DISJ.;UN;0.0
403152;GABARITO GUIA INSTAL. TC SF6 BBC-EBKWI;UN;0.0
403241;CONTATO MOVEL DISJ WESTINGHOUSE 631F150;UN;0.0
403269;GUIA DO TUBO DSJ M/D 4-260371;UN;0.0
403304;PISTAO GE 6370346-P13 P/COMPR;UN;0.0
403307;MOLA VALV DSJ GE 6370346 P5;UN;0.0
403332;PONTEIRA SINT. DES 105077/2;UN;0.0
403354;CHAVE SEL SPRECHER SCHUH DSK3;UN;0.0
403355;CONTATO PRIN CHAVE SEC ABNT NBR 7571/88;UN;0.0
403356;BOTAO ABER/FEC SPRECHER SCHUH DT3;UN;0.0
403358;RESTRITOR ARCO ABNT NBR 7571/88;UN;0.0
403359;LAMINA PRINC ABNT NBR 7571/88;UN;0.0
403361;DISJUNTOR SPRECHER SCHUH KTA325;UN;0.0
403363;CHAVE FIM CURSO;UN;0.0
403364;FUSIVEL SIEMENS 5SB231;UN;0.0
403365;INTERTRAVAMENTO ELETROM GEC ALSTHOM TIP;UN;0.0
403367;MOTOR CC SECCION GEC ALSTHOM CF1805V;UN;0.0
403368;REGUA BORNE SECCION SPRECHER AND SCHUH;UN;0.0
403369;RELE TENSAO FALTA FASE;UN;0.0
403372;TERMOSTATO 20-120GRC GEC ALSTHOM CS300;UN;0.0
403380;CONTATOR P/MEC.OPER. SECCION.S2DA GEC AL;UN;0.0
403381;MICRORRUPTOR AUX SECCIONADOR OMRON Z15G;UN;0.0
403397;CONTATO PRIN CHAVE SEC STIELETRONICA **;UN;0.0
416269;"LUVA;AÇO INOX;P/TURBINAS 13, 14 E 16;NL";UN;0.0
451021;MOTOR PERKINS;UN;0.0
541536;"DISJUNTOR BT; 10A; 240VCA;10KA";UN;0.0
600002;NITROGENIO COMUM;UN;0.0
600003;HIDROGENIO ULTRA PURO;UN;0.0
600005;NITROGENIO ALTA PUREZA;UN;0.0
600006;HEXAFLUORETO DE ENXOFRE;UN;0.0
600007;AR SINTETICO;UN;0.0
600008;ARGONIO ULTRA PURO;UN;0.0
600009;ARGÔNIO COMUM;UN;0.0
600773;"CAMARA AR EMPI5 T 825X15""";UN;0.0
600774;"CAMARA AR JEEP/F1000A20 700X16""";UN;0.0
600775;"CAMARA AR F11000 900X20""";UN;0.0
600776;CAMARA AR F4000;UN;0.0
600777;"CAMARA AR F14000 1000X20""";UN;0.0
600778;"CAMARA AR CORSA/UNO 145X13""";UN;0.0
600779;"CAMARA AR GOL 175X13""";UN;0.0
600780;"CAMARA AR KOMBI 735X14""";UN;0.0
600781;"CAMARA AR F1000 A20 215X16""";UN;0.0
600782;"CAMARA AR ELBA 165X13""";UN;0.0
600783;CAMARA AR SCANIA;UN;0.0
600784;"CAMARA AR EMPI2T 650X10""";UN;0.0
600785;PNEU ESTR DIAG C/CAMARA 11.00-22;UN;0.0
600786;PNEU ESTR DIAG C/CAMARA 10.00R20;UN;0.0
600787;PNEU ESTR DIAG C/CAMARA 9.00-20;UN;0.0
600788;PNEU ESTR DIAG 8.25-15;UN;0.0
600789;PNEU ESTR DIAG C/CAMARA 7.00-16;UN;0.0
600790;PNEU ESTR RADIAL S/CAMARA 215/80-R16;UN;0.0
600791;PNEU ESTR RADIAL S/CAMARA 185R15;UN;0.0
600792;PNEU ESTR RADIAL C/CAMARA 7.35R14;UN;0.0
600793;PNEU ESTR RADIAL S/CAMARA 195/70-R14;UN;0.0
600794;PNEU ESTR RADIAL S/CAMARA 175/70-R13;UN;0.0
600795;PNEU ESTR RADIAL S/CAMARA 165/70-R13;UN;0.0
600796;PNEU ESTR RADIAL S/CAMARA 155/70-R13;UN;0.0
600797;PNEU ESTR RADIAL S/CAMARA 145/80R13;UN;0.0
600798;PNEU ESTR RADIAL S/CAMARA 185/65-R14;UN;0.0
600800;PNEU ESTR RADIAL S/CAMARA 195/65R14;UN;0.0
600801;PNEU FORA ESTR C/CAMARA 17.5-25;UN;0.0
600802;PNEU ESTR DIAG 7.00-12;UN;0.0
600803;PNEU ESTR DIAG 6.50-10;UN;0.0
600804;PNEU ESTR DIAG C/CAMARA 7.50-15;UN;0.0
600805;PNEU ESTR DIAG C/CAMARA 7.50-16;UN;0.0
600806;"BATERIA;AUTOMOT.;CHUMBO-ÁCIDO;12V;117Ah";UN;0.0
600807;"BATERIA;AUTOM.;CHUMBO-ÁCIDO; 12V; 150Ah";UN;0.0
600808;"BATERIA;AUTOMOT.;CHUMBO-ÁCIDO;12V;140Ah";UN;0.0
600810;"BATERIA;AUTOMOTIVA;CHUMBO-ÁCIDO;12V;95Ah";UN;0.0
600811;OLEO AUTO MIN CD SAE 15W40 20L;UN;0.0
600812;OLEO AUTO SG 1L;UN;0.0
600813;OLEO AUTO PARAF GL-5 SAE 90 20L;UN;0.0
600814;FLUIDO FREIO SINTET DOT 3 20L;UN;0.0
600823;PROTETOR CAMARA AR CAMINHAO ARO 22;UN;0.0
600824;PROTETOR CAMARA AR CAMINHAO ARO 20;UN;0.0
600825;PROTETOR CAMARA AR CAMINHAO ARO 16;UN;0.0
600843;OLEO INDUST PARAF VG32 20L;UN;0.0
600942;"TC BUCHA WHOUSE,TIPO 285577;2000-5A;15kV";UN;0.0
600988;"COBERTURA ISOL PROT PT/CZ-VM;VER 601006";UN;0.0
601959;BANCO BATERIA 60 ELEM 200AH C/ESTANTES;UN;0.0
603278;"MESA IPANEMA; 1,20 X 0,80M";UN;0.0
666666;ITEM INERENTE EQUIP. TURNKEY/PROJ.ESPEC.;UN;0.0
800278;APARELHO CONTROLE DE TENSÃO;UN;0.0
800383;"PROTETOR REDE SUBT.;1875A;400V;TIPO CM2";UN;0.0
800489;RELE KD-10;UN;0.0
800561;"BUCHA PORCELANA;3000KVA;TIPO ESTAÇÃO";UN;0.0
800650;"TRAFO POTENCIAL;34,5KV;TIPO VPE";UN;0.0
800651;"TRAFO CORRENTE;25KV;TIPO ATOF";UN;0.0
800662;"TRAFO CORRENTE;138KV;TIPO TCRG-138";UN;0.0
801091;"TRAFO CORRENTE;15kV;400/5A;BALTEAU";UN;0.0
801146;"TRAFO CORRENTE;15kV;150/5A;BALTEAU";UN;0.0
801247;COMPONENTES SIST.PROTEÇÃO INCÊNDIO;UN;0.0
801318;"TRAFO CORRENTE;34,5KV;1200/5A;VER 81134";UN;0.0
801384;DISPOSITIVO TRAVAMENTO DE MANOBRA;UN;0.0
801397;BUCHA DE PASSAGEM;UN;0.0
801537;"TRAFO CORRENTE;15kV;50/5A;BALTEAU";UN;0.0
801803;RELE DIRECIONAL CORRENTE;UN;0.0
801804;TRANSFORMADOR CORRENTE 0,6KV;UN;0.0
801825;"TRAFO CORRENTE;138kV;SIEMENS";UN;0.0
801866;TRANSFORMADOR CORRENTE 15 KV;UN;0.0
802101;TRANSFORMADOR CORRENTE 15KV;UN;0.0
803173;"TRANSFORMADOR POTENCIAL;VER 811397";UN;0.0
803380;CONTROLE P/COMANDO AUTOMATICO CAC-430;UN;0.0
803428;CONTROLE P/COMANDO AUTOMATICO 127VAC;UN;0.0
803429;CONTROLE P/COMANDO AUTOMATICO 127VAC;UN;0.0
803452;"CAPACITOR;100KVAR;7960V";UN;0.0
803643;ANEL P/TERMINAL PIRELLI;UN;0.0
803660;CONTACTOR TRIPOLAR 80 AMPS;UN;0.0
803691;CONJUNTO AMPLIAÇÃO BLINDADA CAMERINO;UN;0.0
803865;"CAPACITOR MONOFÁSICO;100KVAR;7960V";UN;0.0
804493;"PLACA DE FECHAMENTO T/96EE;ENTRELEC";UN;0.0
804497;"BOTÃO COM. 2A721LR02VDLED-125;EATON";UN;0.0
804498;"BOTÃO COM. 2A721LR02VMLED-125;EATOM";UN;0.0
804511;"CHAVE COMUT.B21-AD71136 N-BQD;KRAUS & N";UN;0.0
804512;"CONTATOR;16A;220VCA;CA2-DN22-M6;SCHNEID";UN;0.0
804523;"RELE CA3-DK22; 250 VCC; SCHNEIDER";UN;0.0
804556;DISJUNTOR TFK 224225-GE;UN;0.0
804566;"RELE CS3C-31E; 250 VCC ; GEC ALSTHOM";UN;0.0
804567;"BLOCO CONTATO CS3-2NA+2NF;GEC ALSTHOM";UN;0.0
804570;"CHAVE AUXILIAR ;ESTACIONÁRIA;MOD.12-6";UN;0.0
804572;"BOTÃO COM. 2A-721R-11-125BC;EATON";UN;0.0
804582;"RELE RXMVB4;11NA+3NF;86TT;ASEA/B.BOVERI";UN;0.0
804587;"DISJUNTOR 2P-TDCS-20A-10KA;125 VCC";UN;0.0
804588;"DISJ. 2P TO-100B-10A; 250 VCC;TERASAKI";UN;0.0
804589;"DISJ. 2P TO 100B-20A; 250 VCC;TERASAKI";UN;0.0
804598;"CHAVE COMUT.B21-A370/BRA301-KD1 L/R;K.N";UN;0.0
804712;"CABO CONTROLE 4X1,5 mm²;INDUSCABOS";UN;0.0
804713;"CABO INSTRUM. 12X0,5mm²;INDUSCABOS";UN;0.0
804714;"CABO CONTROLE 7X1,5 mm²;INDUSCABOS";UN;0.0
804948;"CABO INSTRUM.;8X0,5mm²;INDUSCABOS";UN;0.0
804949;"CABO CONTROLE BLINDADO 2X2,5mm²;INBRAC";UN;0.0
804950;"CABO CONTROLE 7X2,5 mm²;PIRELLI";UN;0.0
804952;"CABO CONTROLE 2X2,5mm²;INBRAC";UN;0.0
809532;INDICADOR DE TENSÃO 100-800KV;UN;0.0
809906;"TRAFO CORRENTE;0,6KV;2000/5A;RM10B800";UN;0.0
809907;"TRAFO CORRENTE;0,6KV;2000/5A;RM0,3C100";UN;0.0
810459;"BASTÃO ISOLANTE;UNIVERSAL;32X3750mm";UN;0.0
810519;REGUA DE BORNES;UN;0.0
810537;"RELÉ TEMPO;ESTATICO;6NA;125VCC";UN;0.0
810781;MICROMETRO TUBULAR;UN;0.0
810943;CONECTOR PERFUR. 4/0(CA) X 4/0(CA);UN;0.0
811169;"TRAFO POTENCIAL;138KV;SIEMENS";UN;0.0
811173;"TRAFO CORRENTE;150/5A;BALTEAU";UN;0.0
813039;"TP;13800-120 V; P/ESTR. RELIGADOR KFME";UN;0.0
813085;PAINEL BASTIDOR UTR/BR;UN;0.0
815011;UNIDADE DE COMUNICAÇÃO ELO-525;UN;0.0
820009;"TC;25KV;10/20-5A;OLEO;MED. FATURAMENTO";UN;0.0
820011;"TC;25KV;25/50-5A;OLEO;MED. FATURAMENTO";UN;0.0
820012;"TC;25KV;50/100-5A;OLEO;MED. FATURAMENTO";UN;0.0
820014;"TC;25KV;150/300-5A;OLEO;MED. FATURAMENTO";UN;0.0
820015;"TC;25KV;100/200-5A;OLEO;MED. FATURAMENTO";UN;0.0
820016;"TC;25KV;200/400-5A;OLEO;MED. FATURAMENTO";UN;0.0
820017;"TC;25KV;300/600-5A;OLEO;MED. FATURAMENTO";UN;0.0
820019;"REGISTRADOR DIG.PROGRAM.;MED.FATUR;MT/AT";UN;0.0
820020;"REGISTRADOR ELETRON.PROGRAM.;MED.FATUR";UN;0.0
820021;"REGISTRADOR ELET.PROG.;SEM MEM.;MED.FAT.";UN;0.0
820022;"TRANSFORMADOR POTENCIAL;25kV;200:1;FATUR";UN;0.0
820023;"TRANSFORMADOR POTENCIAL;25kV;250:1;FATUR";UN;0.0
999603;SUCATA TRANSFORMADOR POTÊNCIA 45a75kVA;UN;0.0
4600008652;13.10.21;UN;0.0
4600008097;29.09.20;UN;0.0
4600007706;03.01.20;UN;0.0
4600007065;11.10.18;UN;0.0
4600007604;28.10.19;UN;0.0
4600008905;24.03.22;UN;0.0
4600007765;28.02.20;UN;0.0
4600008096;29.09.20;UN;0.0
4600008672;21.10.21;UN;0.0
